,count
2024-04-06 09:27:00,0.0
2024-04-06 09:31:00,0.0
2024-04-06 09:35:00,0.0
2024-04-06 10:16:00,0.0
2024-04-06 20:56:00,0.0
2024-04-06 22:04:00,0.0
2024-04-06 22:24:00,0.0
2024-04-06 23:33:00,0.0
2024-04-07 00:17:00,0.0
2024-04-07 00:28:00,0.0
2024-04-07 02:08:00,0.0
2024-04-07 03:35:00,0.0
2024-04-07 05:40:00,0.0
2024-04-07 05:47:00,0.0
2024-04-07 06:30:00,0.0
2024-04-08 00:28:00,0.0
2024-04-08 00:46:00,0.0
2024-04-08 01:17:00,0.0
2024-04-08 01:43:00,0.0
2024-04-08 03:43:00,0.0
2024-04-08 04:47:00,0.0
2024-04-08 08:10:00,0.0
2024-04-08 08:46:00,0.0
2024-04-09 22:17:00,0.0
2024-04-09 23:13:00,0.0
2024-04-14 21:51:00,0.0
2024-04-14 21:55:00,0.0
2024-04-14 22:06:00,0.0
2024-04-14 22:10:00,0.0
2024-04-15 07:12:00,0.0
2024-04-15 07:21:00,0.0
2024-04-15 22:43:00,0.0
2024-04-15 22:55:00,0.0
2024-04-15 22:56:00,0.0
2024-04-15 23:02:00,0.0
2024-04-15 23:03:00,0.0
2024-04-15 23:15:00,0.0
2024-04-15 23:16:00,0.0
2024-04-15 23:23:00,0.0
2024-04-15 23:29:00,0.0
2024-04-15 23:33:00,0.0
2024-04-15 23:38:00,0.0
2024-04-15 23:39:00,0.0
2024-04-15 23:44:00,0.0
2024-04-15 23:50:00,0.0
2024-04-15 23:54:00,0.0
2024-04-15 23:55:00,0.0
2024-04-16 00:00:00,0.0
2024-04-16 04:14:00,0.0
2024-04-16 04:29:00,0.0
2024-04-16 04:51:00,0.0
2024-04-16 04:56:00,0.0
2024-04-16 05:02:00,0.0
2024-04-16 05:04:00,0.0
2024-04-16 05:09:00,0.0
2024-04-16 05:16:00,0.0
2024-04-16 05:21:00,0.0
2024-04-16 05:22:00,0.0
2024-04-16 05:33:00,0.0
2024-04-16 06:36:00,0.0
2024-04-17 04:19:00,0.0
2024-04-17 04:37:00,0.0
2024-04-17 04:44:00,0.0
2024-04-17 04:52:00,0.0
2024-04-17 06:35:00,0.0
2024-04-17 06:54:00,0.0
2024-04-17 15:58:00,0.0
2024-04-17 16:14:00,0.0
2024-04-17 17:33:00,0.0
2024-04-17 17:38:00,0.0
2024-04-17 19:58:00,0.0
2024-04-17 20:10:00,0.0
2024-04-17 20:54:00,0.0
2024-04-17 21:03:00,0.0
2024-04-17 21:07:00,0.0
2024-04-17 21:08:00,0.0
2024-04-17 21:14:00,0.0
2024-04-17 22:26:00,0.0
2024-04-17 23:10:00,0.0
2024-04-17 23:46:00,0.0
2024-04-17 23:50:00,0.0
2024-04-18 00:03:00,0.0
2024-04-18 00:06:00,0.0
2024-04-18 03:32:00,0.0
2024-04-18 04:10:00,0.0
2024-04-18 04:18:00,0.0
2024-04-18 04:51:00,0.0
2024-04-18 17:55:00,0.0
2024-04-18 18:07:00,0.0
2024-04-18 18:55:00,0.0
2024-04-18 19:01:00,0.0
2024-04-18 19:14:00,0.0
2024-04-18 19:18:00,0.0
2024-04-18 19:23:00,0.0
2024-04-18 19:30:00,0.0
2024-04-18 21:27:00,0.0
2024-04-18 21:46:00,0.0
2024-04-18 22:25:00,0.0
2024-04-18 22:26:00,0.0
2024-04-18 22:35:00,0.0
2024-04-18 22:47:00,0.0
2024-04-18 23:22:00,0.0
2024-04-18 23:31:00,0.0
2024-04-18 23:37:00,0.0
2024-04-19 03:32:00,0.0
2024-04-19 03:43:00,0.0
2024-04-19 20:20:00,0.0
2024-04-19 20:51:00,0.0
2024-04-19 21:19:00,0.0
2024-04-19 22:06:00,0.0
2024-04-19 23:07:00,0.0
2024-04-19 23:08:00,0.0
2024-04-19 23:13:00,0.0
2024-04-20 00:09:00,0.0
2024-04-20 00:28:00,0.0
2024-04-20 00:49:00,0.0
2024-04-20 00:54:00,0.0
2024-04-20 05:31:00,0.0
2024-04-20 06:31:00,0.0
2024-04-20 08:45:00,0.0
2024-04-20 08:49:00,0.0
2024-04-20 14:13:00,0.0
2024-04-20 14:37:00,0.0
2024-04-20 18:10:00,0.0
2024-04-20 18:24:00,0.0
2024-04-20 20:46:00,0.0
2024-04-20 21:48:00,0.0
2024-04-20 23:13:00,0.0
2024-04-20 23:23:00,0.0
2024-04-21 04:51:00,0.0
2024-04-21 05:48:00,0.0
2024-04-21 18:27:00,0.0
2024-04-21 18:31:00,0.0
2024-04-21 18:48:00,0.0
2024-04-21 19:14:00,0.0
2024-04-21 23:21:00,0.0
2024-04-21 23:28:00,0.0
2024-04-22 00:04:00,0.0
2024-04-22 00:21:00,0.0
2024-04-22 00:28:00,0.0
2024-04-22 00:45:00,0.0
2024-04-22 02:11:00,0.0
2024-04-22 03:12:00,0.0
2024-04-22 04:47:00,0.0
2024-04-22 04:58:00,0.0
2024-04-22 21:02:00,0.0
2024-04-22 21:12:00,0.0
2024-04-22 21:22:00,0.0
2024-04-22 21:29:00,0.0
2024-04-22 21:30:00,0.0
2024-04-22 21:41:00,0.0
2024-04-22 21:43:00,0.0
2024-04-22 22:04:00,0.0
2024-04-22 22:06:00,0.0
2024-04-22 22:18:00,0.0
2024-04-23 02:29:00,0.0
2024-04-23 02:44:00,0.0
2024-04-23 04:30:00,0.0
2024-04-23 04:58:00,0.0
2024-04-24 00:18:00,0.0
2024-04-24 00:29:00,0.0
2024-04-24 00:57:00,0.0
2024-04-24 01:28:00,0.0
2024-04-24 05:00:00,0.0
2024-04-24 05:11:00,0.0
2024-04-24 20:04:00,0.0
2024-04-24 20:37:00,0.0
2024-04-24 23:26:00,0.0
2024-04-24 23:42:00,0.0
2024-04-25 01:58:00,0.0
2024-04-25 02:04:00,0.0
2024-04-25 02:13:00,0.0
2024-04-25 02:27:00,0.0
2024-04-25 03:41:00,0.0
2024-04-25 04:33:00,0.0
2024-04-25 04:41:00,0.0
2024-04-25 05:05:00,0.0
2024-04-25 09:14:00,0.0
2024-04-25 09:24:00,0.0
2024-04-25 22:43:00,0.0
2024-04-25 23:02:00,0.0
2024-04-26 06:28:00,0.0
2024-04-26 06:48:00,0.0
2024-04-26 07:42:00,0.0
2024-04-26 08:44:00,0.0
2024-04-26 09:11:00,0.0
2024-04-26 10:23:00,0.0
2024-04-26 17:28:00,0.0
2024-04-26 17:36:00,0.0
2024-04-26 20:22:00,0.0
2024-04-26 20:30:00,0.0
2024-04-27 01:52:00,0.0
2024-04-27 02:29:00,0.0
2024-04-27 03:35:00,0.0
2024-04-27 03:40:00,0.0
2024-04-27 03:48:00,0.0
2024-04-27 03:50:00,0.0
2024-04-27 03:52:00,0.0
2024-04-27 04:02:00,0.0
2024-04-27 04:04:00,0.0
2024-04-27 04:05:00,0.0
2024-04-27 04:06:00,0.0
2024-04-27 04:11:00,0.0
2024-04-27 05:48:00,0.0
2024-04-27 05:49:00,0.0
2024-04-27 06:02:00,0.0
2024-04-27 06:03:00,0.0
2024-04-27 06:12:00,0.0
2024-04-27 06:33:00,0.0
2024-04-27 06:53:00,0.0
2024-04-27 07:03:00,0.0
2024-04-27 07:12:00,0.0
2024-04-27 15:07:00,0.0
2024-04-27 16:13:00,0.0
2024-04-27 16:19:00,0.0
2024-04-27 16:35:00,0.0
2024-04-27 16:51:00,0.0
2024-04-27 17:00:00,0.0
2024-04-27 20:59:00,0.0
2024-04-27 22:08:00,0.0
2024-04-27 23:05:00,0.0
2024-04-27 23:17:00,0.0
2024-04-28 00:55:00,0.0
2024-04-28 02:43:00,0.0
2024-04-28 04:10:00,0.0
2024-04-28 04:11:00,0.0
2024-04-28 04:20:00,0.0
2024-04-28 04:24:00,0.0
2024-04-28 04:30:00,0.0
2024-04-28 04:42:00,0.0
2024-04-28 04:51:00,0.0
2024-04-28 07:45:00,0.0
2024-04-28 14:54:00,0.0
2024-04-28 16:10:00,0.0
2024-04-28 17:43:00,0.0
2024-04-28 17:57:00,0.0
2024-04-28 18:13:00,0.0
2024-04-28 18:44:00,0.0
2024-04-28 19:59:00,0.0
2024-04-28 20:47:00,0.0
2024-04-28 20:48:00,0.0
2024-04-28 20:58:00,0.0
2024-04-28 21:04:00,0.0
2024-04-28 21:38:00,0.0
2024-04-28 21:44:00,0.0
2024-04-28 21:50:00,0.0
2024-04-28 22:53:00,0.0
2024-04-28 23:24:00,0.0
2024-04-29 00:06:00,0.0
2024-04-29 00:16:00,0.0
2024-04-29 00:33:00,0.0
2024-04-29 00:53:00,0.0
2024-04-29 01:13:00,0.0
2024-04-29 01:58:00,0.0
2024-04-29 02:25:00,0.0
2024-04-29 04:03:00,0.0
2024-04-29 04:14:00,0.0
2024-04-29 05:34:00,0.0
2024-04-29 21:51:00,0.0
2024-04-29 23:25:00,0.0
2024-04-30 00:17:00,0.0
2024-04-30 00:36:00,0.0
2024-04-30 01:33:00,0.0
2024-04-30 02:37:00,0.0
2024-04-30 02:44:00,0.0
2024-04-30 02:50:00,0.0
2024-04-30 03:47:00,0.0
2024-04-30 04:23:00,0.0
2024-04-30 04:34:00,0.0
2024-04-30 04:54:00,0.0
2024-04-30 05:14:00,0.0
2024-04-30 05:19:00,0.0
2024-04-30 16:28:00,0.0
2024-04-30 16:35:00,0.0
2024-04-30 23:35:00,0.0
2024-05-01 00:58:00,0.0
2024-05-01 01:24:00,0.0
2024-05-01 02:28:00,0.0
2024-05-01 02:41:00,0.0
2024-05-01 03:24:00,0.0
2024-05-01 03:29:00,0.0
2024-05-01 03:50:00,0.0
2024-05-01 04:38:00,0.0
2024-05-01 04:54:00,0.0
2024-05-01 05:46:00,0.0
2024-05-01 06:17:00,0.0
2024-05-01 06:48:00,0.0
2024-05-01 18:16:00,0.0
2024-05-01 18:21:00,0.0
2024-05-01 20:34:00,0.0
2024-05-01 20:54:00,0.0
2024-05-01 22:42:00,0.0
2024-05-01 22:54:00,0.0
2024-05-01 23:46:00,0.0
2024-05-02 02:34:00,0.0
2024-05-02 02:38:00,0.0
2024-05-02 03:18:00,0.0
2024-05-02 03:43:00,0.0
2024-05-02 05:15:00,0.0
2024-05-02 05:31:00,0.0
2024-05-02 05:40:00,0.0
2024-05-02 05:58:00,0.0
2024-05-02 06:56:00,0.0
2024-05-02 14:01:00,0.0
2024-05-02 14:35:00,0.0
2024-05-02 18:09:00,0.0
2024-05-02 18:17:00,0.0
2024-05-02 21:36:00,0.0
2024-05-02 21:52:00,0.0
2024-05-02 22:07:00,0.0
2024-05-02 23:06:00,0.0
2024-05-03 00:13:00,0.0
2024-05-03 00:25:00,0.0
2024-05-03 01:03:00,0.0
2024-05-03 01:11:00,0.0
2024-05-03 01:18:00,0.0
2024-05-03 03:28:00,0.0
2024-05-03 03:58:00,0.0
2024-05-03 04:59:00,0.0
2024-05-03 16:20:00,0.0
2024-05-03 17:24:00,0.0
2024-05-03 22:02:00,0.0
2024-05-03 22:51:00,0.0
2024-05-04 00:04:00,0.0
2024-05-04 00:41:00,0.0
2024-05-04 00:44:00,0.0
2024-05-04 01:11:00,0.0
2024-05-04 01:29:00,0.0
2024-05-04 02:05:00,0.0
2024-05-04 02:30:00,0.0
2024-05-04 03:33:00,0.0
2024-05-04 03:39:00,0.0
2024-05-04 04:02:00,0.0
2024-05-04 04:11:00,0.0
2024-05-04 04:31:00,0.0
2024-05-04 15:20:00,0.0
2024-05-04 15:34:00,0.0
2024-05-04 15:43:00,0.0
2024-05-04 16:28:00,0.0
2024-05-04 19:30:00,0.0
2024-05-04 20:41:00,0.0
2024-05-04 20:55:00,0.0
2024-05-04 21:23:00,0.0
2024-05-04 21:38:00,0.0
2024-05-04 21:41:00,0.0
2024-05-04 21:50:00,0.0
2024-05-04 21:51:00,0.0
2024-05-04 22:02:00,0.0
2024-05-04 22:06:00,0.0
2024-05-04 22:17:00,0.0
2024-05-04 22:36:00,0.0
2024-05-04 22:49:00,0.0
2024-05-04 23:03:00,0.0
2024-05-04 23:08:00,0.0
2024-05-04 23:23:00,0.0
2024-05-05 00:09:00,0.0
2024-05-05 01:40:00,0.0
2024-05-05 02:03:00,0.0
2024-05-05 02:47:00,0.0
2024-05-05 03:01:00,0.0
2024-05-05 08:11:00,0.0
2024-05-05 08:16:00,0.0
2024-05-05 15:46:00,0.0
2024-05-05 16:29:00,0.0
2024-05-05 18:31:00,0.0
2024-05-05 18:42:00,0.0
2024-05-05 19:37:00,0.0
2024-05-05 19:42:00,0.0
2024-05-05 22:04:00,0.0
2024-05-05 22:08:00,0.0
2024-05-05 22:11:00,0.0
2024-05-05 22:13:00,0.0
2024-05-05 22:15:00,0.0
2024-05-05 22:18:00,0.0
2024-05-05 22:21:00,0.0
2024-05-05 22:22:00,0.0
2024-05-05 22:32:00,0.0
2024-05-05 22:38:00,0.0
2024-05-05 22:41:00,0.0
2024-05-05 22:44:00,0.0
2024-05-05 23:00:00,0.0
2024-05-05 23:15:00,0.0
2024-05-05 23:17:00,0.0
2024-05-05 23:22:00,0.0
2024-05-05 23:23:00,0.0
2024-05-05 23:39:00,0.0
2024-05-05 23:40:00,0.0
2024-05-06 00:11:00,0.0
2024-05-06 00:22:00,0.0
2024-05-06 00:41:00,0.0
2024-05-06 00:42:00,0.0
2024-05-06 00:45:00,0.0
2024-05-06 00:55:00,0.0
2024-05-06 01:08:00,0.0
2024-05-06 02:36:00,0.0
2024-05-06 03:22:00,0.0
2024-05-06 03:45:00,0.0
2024-05-06 04:45:00,0.0
2024-05-06 04:53:00,0.0
2024-05-06 05:26:00,0.0
2024-05-06 18:53:00,0.0
2024-05-06 19:01:00,0.0
2024-05-06 21:58:00,0.0
2024-05-06 22:45:00,0.0
2024-05-06 22:48:00,0.0
2024-05-06 22:56:00,0.0
2024-05-06 23:36:00,0.0
2024-05-06 23:59:00,0.0
2024-05-07 00:05:00,0.0
2024-05-07 00:19:00,0.0
2024-05-07 00:25:00,0.0
2024-05-07 00:29:00,0.0
2024-05-07 00:33:00,0.0
2024-05-07 01:25:00,0.0
2024-05-07 01:36:00,0.0
2024-05-07 01:41:00,0.0
2024-05-07 02:36:00,0.0
2024-05-07 03:26:00,0.0
2024-05-07 03:50:00,0.0
2024-05-07 03:52:00,0.0
2024-05-07 03:57:00,0.0
2024-05-07 04:23:00,0.0
2024-05-07 04:27:00,0.0
2024-05-07 04:28:00,0.0
2024-05-07 04:30:00,0.0
2024-05-07 04:31:00,0.0
2024-05-07 04:36:00,0.0
2024-05-07 04:37:00,0.0
2024-05-07 04:38:00,0.0
2024-05-07 04:42:00,0.0
2024-05-07 04:44:00,0.0
2024-05-07 04:50:00,0.0
2024-05-07 18:49:00,0.0
2024-05-07 19:07:00,0.0
2024-05-07 19:23:00,0.0
2024-05-07 19:34:00,0.0
2024-05-07 23:29:00,0.0
2024-05-07 23:37:00,0.0
2024-05-08 00:46:00,0.0
2024-05-08 00:52:00,0.0
2024-05-08 01:32:00,0.0
2024-05-08 02:44:00,0.0
2024-05-08 02:46:00,0.0
2024-05-08 02:59:00,0.0
2024-05-08 03:02:00,0.0
2024-05-08 03:39:00,0.0
2024-05-08 03:43:00,0.0
2024-05-08 04:12:00,0.0
2024-05-08 08:33:00,0.0
2024-05-08 08:40:00,0.0
2024-05-08 19:29:00,0.0
2024-05-08 19:44:00,0.0
2024-05-08 19:50:00,0.0
2024-05-08 19:58:00,0.0
2024-05-08 21:57:00,0.0
2024-05-08 22:04:00,0.0
2024-05-09 01:08:00,0.0
2024-05-09 02:19:00,0.0
2024-05-09 05:10:00,0.0
2024-05-09 05:16:00,0.0
2024-05-09 05:17:00,0.0
2024-05-09 05:30:00,0.0
2024-05-09 05:40:00,0.0
2024-05-09 06:47:00,0.0
2024-05-09 23:40:00,0.0
2024-05-10 00:11:00,0.0
2024-05-10 00:30:00,0.0
2024-05-10 00:35:00,0.0
2024-05-10 00:49:00,0.0
2024-05-10 00:54:00,0.0
2024-05-10 01:06:00,0.0
2024-05-10 01:09:00,0.0
2024-05-10 01:22:00,0.0
2024-05-10 03:31:00,0.0
2024-05-10 03:34:00,0.0
2024-05-10 03:55:00,0.0
2024-05-10 04:50:00,0.0
2024-05-10 17:08:00,0.0
2024-05-10 17:14:00,0.0
2024-05-10 18:16:00,0.0
2024-05-10 18:20:00,0.0
2024-05-10 18:44:00,0.0
2024-05-10 19:33:00,0.0
2024-05-10 20:20:00,0.0
2024-05-10 20:21:00,0.0
2024-05-10 20:36:00,0.0
2024-05-10 20:37:00,0.0
2024-05-10 20:57:00,0.0
2024-05-10 21:20:00,0.0
2024-05-10 21:35:00,0.0
2024-05-10 21:45:00,0.0
2024-05-10 21:50:00,0.0
2024-05-10 23:01:00,0.0
2024-05-10 23:07:00,0.0
2024-05-10 23:28:00,0.0
2024-05-11 00:07:00,0.0
2024-05-11 00:17:00,0.0
2024-05-11 00:34:00,0.0
2024-05-11 01:10:00,0.0
2024-05-11 01:11:00,0.0
2024-05-11 01:23:00,0.0
2024-05-11 02:42:00,0.0
2024-05-11 03:21:00,0.0
2024-05-11 03:26:00,0.0
2024-05-11 03:45:00,0.0
2024-05-11 04:02:00,0.0
2024-05-11 04:05:00,0.0
2024-05-11 04:14:00,0.0
2024-05-11 04:49:00,0.0
2024-05-11 04:50:00,0.0
2024-05-11 05:16:00,0.0
2024-05-11 05:26:00,0.0
2024-05-11 06:11:00,0.0
2024-05-11 06:14:00,0.0
2024-05-11 06:20:00,0.0
2024-05-11 06:31:00,0.0
2024-05-11 06:37:00,0.0
2024-05-11 07:12:00,0.0
2024-05-11 15:22:00,0.0
2024-05-11 15:36:00,0.0
2024-05-11 15:41:00,0.0
2024-05-11 16:01:00,0.0
2024-05-11 16:03:00,0.0
2024-05-11 17:20:00,0.0
2024-05-11 17:29:00,0.0
2024-05-11 17:41:00,0.0
2024-05-11 19:43:00,0.0
2024-05-11 20:55:00,0.0
2024-05-11 21:56:00,0.0
2024-05-11 22:33:00,0.0
2024-05-12 04:33:00,0.0
2024-05-12 04:53:00,0.0
2024-05-12 04:54:00,0.0
2024-05-12 05:17:00,0.0
2024-05-12 05:57:00,0.0
2024-05-12 06:50:00,0.0
2024-05-12 15:37:00,0.0
2024-05-12 15:53:00,0.0
2024-05-12 15:54:00,0.0
2024-05-12 16:14:00,0.0
2024-05-12 17:23:00,0.0
2024-05-12 17:26:00,0.0
2024-05-12 17:47:00,0.0
2024-05-12 18:00:00,0.0
2024-05-12 18:36:00,0.0
2024-05-12 18:48:00,0.0
2024-05-12 19:31:00,0.0
2024-05-12 19:49:00,0.0
2024-05-12 20:12:00,0.0
2024-05-12 20:24:00,0.0
2024-05-12 20:28:00,0.0
2024-05-12 20:30:00,0.0
2024-05-12 20:38:00,0.0
2024-05-12 21:07:00,0.0
2024-05-12 21:09:00,0.0
2024-05-12 21:48:00,0.0
2024-05-12 21:50:00,0.0
2024-05-12 21:51:00,0.0
2024-05-12 21:57:00,0.0
2024-05-12 22:02:00,0.0
2024-05-12 22:04:00,0.0
2024-05-12 22:21:00,0.0
2024-05-12 22:45:00,0.0
2024-05-12 23:18:00,0.0
2024-05-12 23:23:00,0.0
2024-05-13 00:14:00,0.0
2024-05-13 00:20:00,0.0
2024-05-13 00:44:00,0.0
2024-05-13 01:30:00,0.0
2024-05-13 01:39:00,0.0
2024-05-13 01:42:00,0.0
2024-05-13 01:56:00,0.0
2024-05-13 05:14:00,0.0
2024-05-13 06:06:00,0.0
2024-05-13 06:51:00,0.0
2024-05-13 07:01:00,0.0
2024-05-13 15:48:00,0.0
2024-05-13 16:06:00,0.0
2024-05-13 18:09:00,0.0
2024-05-13 18:34:00,0.0
2024-05-13 20:09:00,0.0
2024-05-13 20:16:00,0.0
2024-05-13 20:37:00,0.0
2024-05-13 21:03:00,0.0
2024-05-13 21:25:00,0.0
2024-05-13 22:08:00,0.0
2024-05-13 22:47:00,0.0
2024-05-13 23:09:00,0.0
2024-05-13 23:12:00,0.0
2024-05-13 23:19:00,0.0
2024-05-14 00:07:00,0.0
2024-05-14 00:32:00,0.0
2024-05-14 00:45:00,0.0
2024-05-14 00:46:00,0.0
2024-05-14 01:00:00,0.0
2024-05-14 01:40:00,0.0
2024-05-14 01:42:00,0.0
2024-05-14 01:56:00,0.0
2024-05-14 02:23:00,0.0
2024-05-14 02:31:00,0.0
2024-05-14 02:42:00,0.0
2024-05-14 03:02:00,0.0
2024-05-14 03:34:00,0.0
2024-05-14 03:42:00,0.0
2024-05-14 03:54:00,0.0
2024-05-14 04:02:00,0.0
2024-05-14 04:50:00,0.0
2024-05-14 06:48:00,0.0
2024-05-14 06:53:00,0.0
2024-05-14 07:01:00,0.0
2024-05-14 07:07:00,0.0
2024-05-14 10:42:00,0.0
2024-05-14 11:05:00,0.0
2024-05-14 16:35:00,0.0
2024-05-14 17:18:00,0.0
2024-05-14 17:33:00,0.0
2024-05-14 17:51:00,0.0
2024-05-14 22:24:00,0.0
2024-05-14 22:34:00,0.0
2024-05-14 23:16:00,0.0
2024-05-15 00:44:00,0.0
2024-05-15 00:57:00,0.0
2024-05-15 01:21:00,0.0
2024-05-15 02:26:00,0.0
2024-05-15 02:30:00,0.0
2024-05-15 02:59:00,0.0
2024-05-15 03:20:00,0.0
2024-05-15 03:35:00,0.0
2024-05-15 03:58:00,0.0
2024-05-15 04:00:00,0.0
2024-05-15 04:12:00,0.0
2024-05-15 04:19:00,0.0
2024-05-15 04:56:00,0.0
2024-05-15 05:11:00,0.0
2024-05-15 05:25:00,0.0
2024-05-15 23:21:00,0.0
2024-05-16 00:02:00,0.0
2024-05-16 02:02:00,0.0
2024-05-16 02:16:00,0.0
2024-05-16 02:37:00,0.0
2024-05-16 03:04:00,0.0
2024-05-16 03:26:00,0.0
2024-05-16 03:43:00,0.0
2024-05-16 03:50:00,0.0
2024-05-16 04:03:00,0.0
2024-05-16 04:44:00,0.0
2024-05-16 04:52:00,0.0
2024-05-16 05:13:00,0.0
2024-05-16 05:52:00,0.0
2024-05-16 10:18:00,0.0
2024-05-16 13:27:00,0.0
2024-05-16 20:47:00,0.0
2024-05-16 20:49:00,0.0
2024-05-16 20:54:00,0.0
2024-05-16 22:07:00,0.0
2024-05-16 23:33:00,0.0
2024-05-16 23:52:00,0.0
2024-05-16 23:54:00,0.0
2024-05-17 00:13:00,0.0
2024-05-17 01:40:00,0.0
2024-05-17 02:10:00,0.0
2024-05-17 02:38:00,0.0
2024-05-17 03:06:00,0.0
2024-05-17 03:32:00,0.0
2024-05-17 03:33:00,0.0
2024-05-17 03:43:00,0.0
2024-05-17 04:08:00,0.0
2024-05-17 04:12:00,0.0
2024-05-17 04:14:00,0.0
2024-05-17 04:15:00,0.0
2024-05-17 05:36:00,0.0
2024-05-17 05:40:00,0.0
2024-05-17 05:43:00,0.0
2024-05-17 06:12:00,0.0
2024-05-17 09:19:00,0.0
2024-05-17 09:23:00,0.0
2024-05-17 09:30:00,0.0
2024-05-17 19:31:00,0.0
2024-05-17 19:42:00,0.0
2024-05-17 21:30:00,0.0
2024-05-17 22:19:00,0.0
2024-05-17 22:29:00,0.0
2024-05-17 22:56:00,0.0
2024-05-17 23:08:00,0.0
2024-05-17 23:32:00,0.0
2024-05-18 00:16:00,0.0
2024-05-18 00:32:00,0.0
2024-05-18 00:53:00,0.0
2024-05-18 01:04:00,0.0
2024-05-18 02:44:00,0.0
2024-05-18 02:45:00,0.0
2024-05-18 04:13:00,0.0
2024-05-18 04:15:00,0.0
2024-05-18 15:04:00,0.0
2024-05-18 15:53:00,0.0
2024-05-18 16:01:00,0.0
2024-05-18 16:07:00,0.0
2024-05-18 17:30:00,0.0
2024-05-18 18:13:00,0.0
2024-05-18 19:00:00,0.0
2024-05-18 19:01:00,0.0
2024-05-18 19:14:00,0.0
2024-05-18 19:50:00,0.0
2024-05-18 22:05:00,0.0
2024-05-18 22:19:00,0.0
2024-05-18 23:20:00,0.0
2024-05-18 23:26:00,0.0
2024-05-19 01:05:00,0.0
2024-05-19 01:20:00,0.0
2024-05-19 02:10:00,0.0
2024-05-19 02:12:00,0.0
2024-05-19 03:25:00,0.0
2024-05-19 03:28:00,0.0
2024-05-19 04:05:00,0.0
2024-05-19 04:15:00,0.0
2024-05-19 04:21:00,0.0
2024-05-19 04:38:00,0.0
2024-05-19 04:40:00,0.0
2024-05-19 04:46:00,0.0
2024-05-19 05:00:00,0.0
2024-05-19 05:12:00,0.0
2024-05-19 14:46:00,0.0
2024-05-19 15:05:00,0.0
2024-05-19 17:01:00,0.0
2024-05-19 17:02:00,0.0
2024-05-19 18:45:00,0.0
2024-05-19 18:53:00,0.0
2024-05-19 19:12:00,0.0
2024-05-19 20:52:00,0.0
2024-05-19 23:38:00,0.0
2024-05-20 00:40:00,0.0
2024-05-20 02:26:00,0.0
2024-05-20 02:45:00,0.0
2024-05-20 14:56:00,0.0
2024-05-20 15:57:00,0.0
2024-05-20 19:01:00,0.0
2024-05-20 19:29:00,0.0
2024-05-20 19:58:00,0.0
2024-05-20 20:02:00,0.0
2024-05-20 20:10:00,0.0
2024-05-20 20:20:00,0.0
2024-05-20 20:24:00,0.0
2024-05-20 20:28:00,0.0
2024-05-20 20:55:00,0.0
2024-05-20 21:26:00,0.0
2024-05-20 21:37:00,0.0
2024-05-20 21:38:00,0.0
2024-05-20 21:41:00,0.0
2024-05-20 23:02:00,0.0
2024-05-20 23:07:00,0.0
2024-05-20 23:34:00,0.0
2024-05-20 23:49:00,0.0
2024-05-21 00:08:00,0.0
2024-05-21 00:16:00,0.0
2024-05-21 00:24:00,0.0
2024-05-21 01:48:00,0.0
2024-05-21 02:49:00,0.0
2024-05-21 03:22:00,0.0
2024-05-21 03:36:00,0.0
2024-05-21 04:20:00,0.0
2024-05-21 17:22:00,0.0
2024-05-21 18:02:00,0.0
2024-05-22 00:16:00,0.0
2024-05-22 00:26:00,0.0
2024-05-22 00:51:00,0.0
2024-05-22 01:22:00,0.0
2024-05-22 02:08:00,0.0
2024-05-22 02:49:00,0.0
2024-05-22 03:34:00,0.0
2024-05-22 03:39:00,0.0
2024-05-22 03:45:00,0.0
2024-05-22 04:07:00,0.0
2024-05-22 04:28:00,0.0
2024-05-22 04:52:00,0.0
2024-05-22 05:06:00,0.0
2024-05-22 05:21:00,0.0
2024-05-22 05:36:00,0.0
2024-05-22 16:48:00,0.0
2024-05-22 17:08:00,0.0
2024-05-22 22:25:00,0.0
2024-05-22 23:12:00,0.0
2024-05-22 23:53:00,0.0
2024-05-23 00:13:00,0.0
2024-05-23 00:22:00,0.0
2024-05-23 01:07:00,0.0
2024-05-23 01:48:00,0.0
2024-05-23 02:01:00,0.0
2024-05-23 02:10:00,0.0
2024-05-23 02:12:00,0.0
2024-05-23 02:34:00,0.0
2024-05-23 03:23:00,0.0
2024-05-23 03:29:00,0.0
2024-05-23 03:48:00,0.0
2024-05-23 04:03:00,0.0
2024-05-23 04:09:00,0.0
2024-05-23 04:21:00,0.0
2024-05-23 04:33:00,0.0
2024-05-23 04:40:00,0.0
2024-05-23 05:03:00,0.0
2024-05-23 05:33:00,0.0
2024-05-23 18:12:00,0.0
2024-05-23 18:22:00,0.0
2024-05-23 18:51:00,0.0
2024-05-23 18:58:00,0.0
2024-05-23 19:53:00,0.0
2024-05-23 19:55:00,0.0
2024-05-23 19:56:00,0.0
2024-05-23 20:00:00,0.0
2024-05-23 20:04:00,0.0
2024-05-23 20:14:00,0.0
2024-05-23 20:20:00,0.0
2024-05-23 20:21:00,0.0
2024-05-23 20:28:00,0.0
2024-05-23 20:29:00,0.0
2024-05-23 20:51:00,0.0
2024-05-23 21:40:00,0.0
2024-05-23 23:10:00,0.0
2024-05-23 23:18:00,0.0
2024-05-24 00:32:00,0.0
2024-05-24 01:31:00,0.0
2024-05-24 01:40:00,0.0
2024-05-24 01:53:00,0.0
2024-05-24 02:22:00,0.0
2024-05-24 02:23:00,0.0
2024-05-24 02:26:00,0.0
2024-05-24 02:46:00,0.0
2024-05-24 03:13:00,0.0
2024-05-24 03:21:00,0.0
2024-05-24 03:43:00,0.0
2024-05-24 03:59:00,0.0
2024-05-24 04:00:00,0.0
2024-05-24 04:03:00,0.0
2024-05-25 00:12:00,0.0
2024-05-25 01:30:00,0.0
2024-05-25 01:36:00,0.0
2024-05-25 01:43:00,0.0
2024-05-25 02:02:00,0.0
2024-05-25 02:14:00,0.0
2024-05-25 02:32:00,0.0
2024-05-25 02:46:00,0.0
2024-05-25 02:52:00,0.0
2024-05-25 03:06:00,0.0
2024-05-25 03:18:00,0.0
2024-05-25 03:30:00,0.0
2024-05-25 03:39:00,0.0
2024-05-25 03:45:00,0.0
2024-05-25 05:16:00,0.0
2024-05-25 05:31:00,0.0
2024-05-25 05:45:00,0.0
2024-05-25 06:21:00,0.0
2024-05-25 06:50:00,0.0
2024-05-25 06:57:00,0.0
2024-05-25 14:56:00,0.0
2024-05-25 16:01:00,0.0
2024-05-25 16:12:00,0.0
2024-05-25 16:26:00,0.0
2024-05-25 17:45:00,0.0
2024-05-25 18:30:00,0.0
2024-05-25 21:59:00,0.0
2024-05-25 22:32:00,0.0
2024-05-26 15:00:00,0.0
2024-05-26 16:49:00,0.0
2024-05-26 18:54:00,0.0
2024-05-26 19:41:00,0.0
2024-05-26 19:57:00,0.0
2024-05-26 20:28:00,0.0
2024-05-26 21:02:00,0.0
2024-05-26 22:11:00,0.0
2024-05-26 22:41:00,0.0
2024-05-26 22:46:00,0.0
2024-05-27 00:37:00,0.0
2024-05-27 01:11:00,0.0
2024-05-27 03:48:00,0.0
2024-05-27 03:59:00,0.0
2024-05-27 06:49:00,0.0
2024-05-27 08:59:00,0.0
2024-05-27 21:51:00,0.0
2024-05-27 22:09:00,0.0
2024-05-28 01:17:00,0.0
2024-05-28 01:31:00,0.0
2024-05-28 02:38:00,0.0
2024-05-28 02:52:00,0.0
2024-05-28 03:26:00,0.0
2024-05-28 03:27:00,0.0
2024-05-28 03:34:00,0.0
2024-05-28 03:58:00,0.0
2024-05-28 04:04:00,0.0
2024-05-28 04:23:00,0.0
2024-05-28 04:30:00,0.0
2024-05-28 05:39:00,0.0
2024-05-28 06:20:00,0.0
2024-05-28 06:25:00,0.0
2024-05-28 06:37:00,0.0
2024-05-28 06:41:00,0.0
2024-05-28 06:47:00,0.0
2024-05-28 06:51:00,0.0
2024-05-28 06:52:00,0.0
2024-05-28 06:57:00,0.0
2024-05-28 07:01:00,0.0
2024-05-28 07:03:00,0.0
2024-05-28 07:06:00,0.0
2024-05-28 07:14:00,0.0
2024-05-28 07:20:00,0.0
2024-05-28 07:28:00,0.0
2024-05-28 07:31:00,0.0
2024-05-28 09:41:00,0.0
2024-05-28 18:30:00,0.0
2024-05-28 18:38:00,0.0
2024-05-28 20:12:00,0.0
2024-05-28 20:18:00,0.0
2024-05-28 20:38:00,0.0
2024-05-28 21:27:00,0.0
2024-05-28 22:50:00,0.0
2024-05-29 02:02:00,0.0
2024-05-29 02:25:00,0.0
2024-05-29 02:33:00,0.0
2024-05-29 02:41:00,0.0
2024-05-29 03:00:00,0.0
2024-05-29 03:23:00,0.0
2024-05-29 03:43:00,0.0
2024-05-29 03:53:00,0.0
2024-05-29 04:37:00,0.0
2024-05-29 06:22:00,0.0
2024-05-29 06:26:00,0.0
2024-05-29 06:45:00,0.0
2024-05-29 06:50:00,0.0
2024-05-29 07:11:00,0.0
2024-05-29 07:17:00,0.0
2024-05-29 21:17:00,0.0
2024-05-29 21:29:00,0.0
2024-05-30 02:31:00,0.0
2024-05-30 02:39:00,0.0
2024-05-30 03:36:00,0.0
2024-05-30 04:15:00,0.0
2024-05-30 06:11:00,0.0
2024-05-30 06:57:00,0.0
2024-05-31 00:36:00,0.0
2024-05-31 01:40:00,0.0
2024-05-31 02:29:00,0.0
2024-05-31 02:41:00,0.0
2024-05-31 03:39:00,0.0
2024-05-31 04:05:00,0.0
2024-05-31 04:44:00,0.0
2024-05-31 04:49:00,0.0
2024-05-31 04:56:00,0.0
2024-05-31 06:30:00,0.0
2024-05-31 21:28:00,0.0
2024-05-31 23:04:00,0.0
2024-06-01 00:27:00,0.0
2024-06-01 01:46:00,0.0
2024-06-01 02:22:00,0.0
2024-06-01 02:29:00,0.0
2024-06-01 03:37:00,0.0
2024-06-01 04:00:00,0.0
2024-06-01 05:42:00,0.0
2024-06-01 05:45:00,0.0
2024-06-01 06:22:00,0.0
2024-06-01 06:31:00,0.0
2024-06-01 06:35:00,0.0
2024-06-01 06:43:00,0.0
2024-06-01 06:57:00,0.0
2024-06-01 08:34:00,0.0
2024-06-01 14:44:00,0.0
2024-06-01 16:45:00,0.0
2024-06-01 17:01:00,0.0
2024-06-01 17:29:00,0.0
2024-06-01 17:32:00,0.0
2024-06-01 17:43:00,0.0
2024-06-01 18:11:00,0.0
2024-06-01 18:12:00,0.0
2024-06-01 18:27:00,0.0
2024-06-01 18:28:00,0.0
2024-06-01 18:36:00,0.0
2024-06-01 18:37:00,0.0
2024-06-01 18:46:00,0.0
2024-06-01 20:01:00,0.0
2024-06-01 21:32:00,0.0
2024-06-01 22:19:00,0.0
2024-06-01 22:30:00,0.0
2024-06-01 23:51:00,0.0
2024-06-01 23:55:00,0.0
2024-06-02 00:37:00,0.0
2024-06-02 00:41:00,0.0
2024-06-02 01:17:00,0.0
2024-06-02 01:21:00,0.0
2024-06-02 03:11:00,0.0
2024-06-02 04:19:00,0.0
2024-06-02 04:27:00,0.0
2024-06-02 04:39:00,0.0
2024-06-02 04:58:00,0.0
2024-06-02 05:07:00,0.0
2024-06-02 05:08:00,0.0
2024-06-02 05:14:00,0.0
2024-06-02 05:27:00,0.0
2024-06-02 05:32:00,0.0
2024-06-02 05:43:00,0.0
2024-06-02 05:44:00,0.0
2024-06-02 05:48:00,0.0
2024-06-02 07:13:00,0.0
2024-06-02 15:18:00,0.0
2024-06-02 16:09:00,0.0
2024-06-02 16:13:00,0.0
2024-06-02 16:53:00,0.0
2024-06-02 18:32:00,0.0
2024-06-02 18:40:00,0.0
2024-06-02 18:49:00,0.0
2024-06-02 19:34:00,0.0
2024-06-02 19:35:00,0.0
2024-06-02 19:40:00,0.0
2024-06-02 20:01:00,0.0
2024-06-02 20:31:00,0.0
2024-06-02 20:33:00,0.0
2024-06-02 20:55:00,0.0
2024-06-02 21:43:00,0.0
2024-06-02 21:55:00,0.0
2024-06-02 23:16:00,0.0
2024-06-03 00:16:00,0.0
2024-06-03 00:22:00,0.0
2024-06-03 00:33:00,0.0
2024-06-03 00:34:00,0.0
2024-06-03 00:35:00,0.0
2024-06-03 00:39:00,0.0
2024-06-03 00:46:00,0.0
2024-06-03 01:13:00,0.0
2024-06-03 02:31:00,0.0
2024-06-03 02:38:00,0.0
2024-06-03 04:46:00,0.0
2024-06-03 05:42:00,0.0
2024-06-03 05:52:00,0.0
2024-06-03 07:13:00,0.0
2024-06-03 18:13:00,0.0
2024-06-03 18:25:00,0.0
2024-06-03 21:58:00,0.0
2024-06-03 22:06:00,0.0
2024-06-03 23:08:00,0.0
2024-06-03 23:15:00,0.0
2024-06-03 23:43:00,0.0
2024-06-03 23:57:00,0.0
2024-06-04 00:05:00,0.0
2024-06-04 00:50:00,0.0
2024-06-04 00:51:00,0.0
2024-06-04 01:02:00,0.0
2024-06-04 01:03:00,0.0
2024-06-04 01:25:00,0.0
2024-06-04 02:01:00,0.0
2024-06-04 02:08:00,0.0
2024-06-04 02:31:00,0.0
2024-06-04 03:13:00,0.0
2024-06-04 03:37:00,0.0
2024-06-04 03:39:00,0.0
2024-06-04 07:20:00,0.0
2024-06-04 07:47:00,0.0
2024-06-05 00:05:00,0.0
2024-06-05 00:11:00,0.0
2024-06-05 00:36:00,0.0
2024-06-05 00:43:00,0.0
2024-06-05 00:48:00,0.0
2024-06-05 01:22:00,0.0
2024-06-05 01:46:00,0.0
2024-06-05 01:52:00,0.0
2024-06-05 01:54:00,0.0
2024-06-05 02:02:00,0.0
2024-06-05 02:10:00,0.0
2024-06-05 02:18:00,0.0
2024-06-05 02:19:00,0.0
2024-06-05 02:24:00,0.0
2024-06-05 02:26:00,0.0
2024-06-05 02:29:00,0.0
2024-06-05 02:30:00,0.0
2024-06-05 02:35:00,0.0
2024-06-05 02:41:00,0.0
2024-06-05 02:42:00,0.0
2024-06-05 02:48:00,0.0
2024-06-05 02:58:00,0.0
2024-06-05 03:02:00,0.0
2024-06-05 03:04:00,0.0
2024-06-05 03:08:00,0.0
2024-06-05 03:09:00,0.0
2024-06-05 03:15:00,0.0
2024-06-05 03:29:00,0.0
2024-06-05 03:32:00,0.0
2024-06-05 06:33:00,0.0
2024-06-05 06:38:00,0.0
2024-06-05 06:50:00,0.0
2024-06-05 07:12:00,0.0
2024-06-05 07:19:00,0.0
2024-06-05 07:51:00,0.0
2024-06-05 07:55:00,0.0
2024-06-05 07:56:00,0.0
2024-06-05 07:57:00,0.0
2024-06-05 08:33:00,0.0
2024-06-05 08:37:00,0.0
2024-06-05 08:55:00,0.0
2024-06-05 09:19:00,0.0
2024-06-05 17:15:00,0.0
2024-06-05 17:21:00,0.0
2024-06-05 17:22:00,0.0
2024-06-05 17:27:00,0.0
2024-06-05 18:24:00,0.0
2024-06-05 18:29:00,0.0
2024-06-05 19:28:00,0.0
2024-06-05 19:40:00,0.0
2024-06-05 20:18:00,0.0
2024-06-05 20:27:00,0.0
2024-06-05 23:13:00,0.0
2024-06-05 23:20:00,0.0
2024-06-06 04:34:00,0.0
2024-06-06 05:27:00,0.0
2024-06-06 05:42:00,0.0
2024-06-06 06:03:00,0.0
2024-06-06 06:58:00,0.0
2024-06-06 07:31:00,0.0
2024-06-06 07:58:00,0.0
2024-06-06 19:03:00,0.0
2024-06-06 19:18:00,0.0
2024-06-06 19:29:00,0.0
2024-06-06 21:16:00,0.0
2024-06-06 21:25:00,0.0
2024-06-06 21:35:00,0.0
2024-06-06 22:40:00,0.0
2024-06-06 22:47:00,0.0
2024-06-07 01:06:00,0.0
2024-06-07 01:36:00,0.0
2024-06-07 04:23:00,0.0
2024-06-07 05:00:00,0.0
2024-06-07 06:05:00,0.0
2024-06-07 08:46:00,0.0
2024-06-07 08:57:00,0.0
2024-06-07 11:10:00,0.0
2024-06-07 16:15:00,0.0
2024-06-07 17:07:00,0.0
2024-06-08 00:32:00,0.0
2024-06-08 01:37:00,0.0
2024-06-08 02:08:00,0.0
2024-06-08 02:13:00,0.0
2024-06-08 02:28:00,0.0
2024-06-08 03:32:00,0.0
2024-06-08 04:13:00,0.0
2024-06-08 04:20:00,0.0
2024-06-08 14:13:00,0.0
2024-06-08 15:19:00,0.0
2024-06-08 15:59:00,0.0
2024-06-08 16:14:00,0.0
2024-06-08 16:46:00,0.0
2024-06-08 20:25:00,0.0
2024-06-08 22:03:00,0.0
2024-06-08 23:08:00,0.0
2024-06-08 23:46:00,0.0
2024-06-08 23:57:00,0.0
2024-06-09 01:22:00,0.0
2024-06-09 02:07:00,0.0
2024-06-09 14:35:00,0.0
2024-06-09 16:03:00,0.0
2024-06-09 20:57:00,0.0
2024-06-09 22:07:00,0.0
2024-06-09 22:41:00,0.0
2024-06-09 23:10:00,0.0
2024-06-10 01:52:00,0.0
2024-06-10 03:04:00,0.0
2024-06-11 00:28:00,0.0
2024-06-11 01:03:00,0.0
2024-06-11 01:06:00,0.0
2024-06-11 01:25:00,0.0
2024-06-11 01:32:00,0.0
2024-06-11 02:25:00,0.0
2024-06-11 16:05:00,0.0
2024-06-11 16:33:00,0.0
2024-06-11 22:23:00,0.0
2024-06-11 22:29:00,0.0
2024-06-11 22:55:00,0.0
2024-06-11 23:29:00,0.0
2024-06-11 23:45:00,0.0
2024-06-12 00:00:00,0.0
2024-06-12 02:00:00,0.0
2024-06-12 02:58:00,0.0
2024-06-12 03:25:00,0.0
2024-06-12 04:02:00,0.0
2024-06-12 04:24:00,0.0
2024-06-12 04:45:00,0.0
2024-06-12 04:49:00,0.0
2024-06-12 05:00:00,0.0
2024-06-12 07:43:00,0.0
2024-06-12 10:24:00,0.0
2024-06-12 19:09:00,0.0
2024-06-12 19:15:00,0.0
2024-06-12 23:13:00,0.0
2024-06-12 23:32:00,0.0
2024-06-12 23:44:00,0.0
2024-06-12 23:51:00,0.0
2024-06-12 23:52:00,0.0
2024-06-12 23:56:00,0.0
2024-06-12 23:58:00,0.0
2024-06-13 00:03:00,0.0
2024-06-13 00:16:00,0.0
2024-06-13 00:41:00,0.0
2024-06-13 01:11:00,0.0
2024-06-13 01:31:00,0.0
2024-06-13 01:52:00,0.0
2024-06-13 02:08:00,0.0
2024-06-13 02:18:00,0.0
2024-06-13 02:37:00,0.0
2024-06-13 03:46:00,0.0
2024-06-13 04:24:00,0.0
2024-06-13 04:29:00,0.0
2024-06-13 04:31:00,0.0
2024-06-13 04:42:00,0.0
2024-06-13 04:43:00,0.0
2024-06-13 04:44:00,0.0
2024-06-13 05:02:00,0.0
2024-06-13 05:09:00,0.0
2024-06-13 05:41:00,0.0
2024-06-13 05:54:00,0.0
2024-06-13 05:59:00,0.0
2024-06-13 06:00:00,0.0
2024-06-13 17:38:00,0.0
2024-06-13 17:49:00,0.0
2024-06-13 22:28:00,0.0
2024-06-13 22:57:00,0.0
2024-06-13 23:16:00,0.0
2024-06-13 23:32:00,0.0
2024-06-13 23:44:00,0.0
2024-06-13 23:55:00,0.0
2024-06-13 23:58:00,0.0
2024-06-14 00:08:00,0.0
2024-06-14 00:15:00,0.0
2024-06-14 00:25:00,0.0
2024-06-14 00:39:00,0.0
2024-06-14 00:51:00,0.0
2024-06-14 01:01:00,0.0
2024-06-14 01:12:00,0.0
2024-06-14 01:32:00,0.0
2024-06-14 01:59:00,0.0
2024-06-14 03:08:00,0.0
2024-06-14 04:02:00,0.0
2024-06-14 04:05:00,0.0
2024-06-14 04:06:00,0.0
2024-06-14 04:13:00,0.0
2024-06-14 04:28:00,0.0
2024-06-14 05:09:00,0.0
2024-06-14 05:27:00,0.0
2024-06-14 05:31:00,0.0
2024-06-14 05:32:00,0.0
2024-06-14 08:20:00,0.0
2024-06-14 10:27:00,0.0
2024-06-14 16:15:00,0.0
2024-06-14 17:25:00,0.0
2024-06-14 18:54:00,0.0
2024-06-14 19:02:00,0.0
2024-06-14 19:24:00,0.0
2024-06-14 19:33:00,0.0
2024-06-14 20:35:00,0.0
2024-06-14 20:53:00,0.0
2024-06-14 21:25:00,0.0
2024-06-14 22:16:00,0.0
2024-06-15 01:21:00,0.0
2024-06-15 01:35:00,0.0
2024-06-15 01:55:00,0.0
2024-06-15 02:24:00,0.0
2024-06-15 03:19:00,0.0
2024-06-15 04:44:00,0.0
2024-06-15 05:57:00,0.0
2024-06-15 06:23:00,0.0
2024-06-15 13:09:00,0.0
2024-06-15 14:59:00,0.0
2024-06-15 15:03:00,0.0
2024-06-15 15:46:00,0.0
2024-06-15 15:49:00,0.0
2024-06-15 16:16:00,0.0
2024-06-15 16:34:00,0.0
2024-06-15 16:37:00,0.0
2024-06-15 16:57:00,0.0
2024-06-15 17:12:00,0.0
2024-06-15 18:37:00,0.0
2024-06-15 19:38:00,0.0
2024-06-15 20:21:00,0.0
2024-06-15 20:28:00,0.0
2024-06-15 23:09:00,0.0
2024-06-15 23:25:00,0.0
2024-06-15 23:58:00,0.0
2024-06-16 00:52:00,0.0
2024-06-16 01:14:00,0.0
2024-06-16 01:38:00,0.0
2024-06-16 03:26:00,0.0
2024-06-16 04:05:00,0.0
2024-06-16 04:13:00,0.0
2024-06-16 05:29:00,0.0
2024-06-16 05:47:00,0.0
2024-06-16 06:06:00,0.0
2024-06-16 06:12:00,0.0
2024-06-16 07:11:00,0.0
2024-06-16 08:08:00,0.0
2024-06-16 16:48:00,0.0
2024-06-16 16:54:00,0.0
2024-06-16 17:14:00,0.0
2024-06-16 17:19:00,0.0
2024-06-16 17:21:00,0.0
2024-06-16 17:26:00,0.0
2024-06-16 17:51:00,0.0
2024-06-16 18:37:00,0.0
2024-06-16 19:02:00,0.0
2024-06-16 19:33:00,0.0
2024-06-16 19:45:00,0.0
2024-06-16 20:03:00,0.0
2024-06-16 20:07:00,0.0
2024-06-16 20:13:00,0.0
2024-06-16 20:14:00,0.0
2024-06-16 20:17:00,0.0
2024-06-16 20:52:00,0.0
2024-06-16 21:10:00,0.0
2024-06-16 21:38:00,0.0
2024-06-16 22:42:00,0.0
2024-06-16 23:38:00,0.0
2024-06-17 00:30:00,0.0
2024-06-17 00:31:00,0.0
2024-06-17 00:43:00,0.0
2024-06-17 01:13:00,0.0
2024-06-17 01:18:00,0.0
2024-06-17 01:30:00,0.0
2024-06-17 02:25:00,0.0
2024-06-17 02:39:00,0.0
2024-06-17 03:11:00,0.0
2024-06-17 03:37:00,0.0
2024-06-17 03:38:00,0.0
2024-06-17 03:51:00,0.0
2024-06-17 03:59:00,0.0
2024-06-17 04:01:00,0.0
2024-06-17 04:11:00,0.0
2024-06-17 04:17:00,0.0
2024-06-17 04:18:00,0.0
2024-06-17 04:23:00,0.0
2024-06-17 04:24:00,0.0
2024-06-17 04:29:00,0.0
2024-06-17 04:34:00,0.0
2024-06-17 04:38:00,0.0
2024-06-17 04:39:00,0.0
2024-06-17 04:48:00,0.0
2024-06-17 04:49:00,0.0
2024-06-17 04:55:00,0.0
2024-06-17 05:09:00,0.0
2024-06-17 05:19:00,0.0
2024-06-17 05:21:00,0.0
2024-06-17 06:20:00,0.0
2024-06-17 06:23:00,0.0
2024-06-17 07:05:00,0.0
2024-06-17 07:14:00,0.0
2024-06-17 07:18:00,0.0
2024-06-17 07:22:00,0.0
2024-06-17 07:55:00,0.0
2024-06-17 08:02:00,0.0
2024-06-17 12:48:00,0.0
2024-06-17 15:04:00,0.0
2024-06-17 16:24:00,0.0
2024-06-17 19:48:00,0.0
2024-06-17 22:37:00,0.0
2024-06-17 22:43:00,0.0
2024-06-17 22:45:00,0.0
2024-06-17 22:50:00,0.0
2024-06-17 23:33:00,0.0
2024-06-17 23:46:00,0.0
2024-06-17 23:48:00,0.0
2024-06-17 23:51:00,0.0
2024-06-17 23:57:00,0.0
2024-06-18 00:06:00,0.0
2024-06-18 00:10:00,0.0
2024-06-18 00:42:00,0.0
2024-06-18 00:57:00,0.0
2024-06-18 01:20:00,0.0
2024-06-18 03:06:00,0.0
2024-06-18 03:37:00,0.0
2024-06-18 03:58:00,0.0
2024-06-18 03:59:00,0.0
2024-06-18 04:42:00,0.0
2024-06-18 04:45:00,0.0
2024-06-18 04:52:00,0.0
2024-06-18 05:16:00,0.0
2024-06-18 05:22:00,0.0
2024-06-18 05:49:00,0.0
2024-06-18 06:02:00,0.0
2024-06-18 06:03:00,0.0
2024-06-18 06:23:00,0.0
2024-06-18 06:43:00,0.0
2024-06-18 06:56:00,0.0
2024-06-18 13:26:00,0.0
2024-06-18 14:59:00,0.0
2024-06-18 23:51:00,0.0
2024-06-19 00:09:00,0.0
2024-06-19 01:04:00,0.0
2024-06-19 01:15:00,0.0
2024-06-19 01:29:00,0.0
2024-06-19 01:42:00,0.0
2024-06-19 03:57:00,0.0
2024-06-19 04:04:00,0.0
2024-06-19 04:18:00,0.0
2024-06-19 04:28:00,0.0
2024-06-19 04:30:00,0.0
2024-06-19 04:43:00,0.0
2024-06-19 04:51:00,0.0
2024-06-19 05:03:00,0.0
2024-06-19 17:32:00,0.0
2024-06-19 17:53:00,0.0
2024-06-19 18:44:00,0.0
2024-06-19 18:51:00,0.0
2024-06-19 22:44:00,0.0
2024-06-19 23:45:00,0.0
2024-06-19 23:55:00,0.0
2024-06-20 00:19:00,0.0
2024-06-20 01:53:00,0.0
2024-06-20 02:31:00,0.0
2024-06-20 06:23:00,0.0
2024-06-20 06:47:00,0.0
2024-06-20 20:53:00,0.0
2024-06-20 22:23:00,0.0
2024-06-20 22:38:00,0.0
2024-06-20 23:56:00,0.0
2024-06-21 00:31:00,0.0
2024-06-21 00:45:00,0.0
2024-06-21 02:31:00,0.0
2024-06-21 02:49:00,0.0
2024-06-21 05:50:00,0.0
2024-06-21 06:25:00,0.0
2024-06-21 15:11:00,0.0
2024-06-21 17:32:00,0.0
2024-06-21 17:41:00,0.0
2024-06-21 18:17:00,0.0
2024-06-21 18:18:00,0.0
2024-06-21 18:19:00,0.0
2024-06-21 18:20:00,0.0
2024-06-21 18:22:00,0.0
2024-06-21 18:23:00,0.0
2024-06-21 18:24:00,0.0
2024-06-21 18:25:00,0.0
2024-06-21 18:28:00,0.0
2024-06-21 18:29:00,0.0
2024-06-21 20:48:00,0.0
2024-06-21 21:39:00,0.0
2024-06-21 22:23:00,0.0
2024-06-21 22:28:00,0.0
2024-06-21 22:42:00,0.0
2024-06-21 22:48:00,0.0
2024-06-22 00:10:00,0.0
2024-06-22 00:16:00,0.0
2024-06-22 02:01:00,0.0
2024-06-22 02:07:00,0.0
2024-06-22 02:08:00,0.0
2024-06-22 02:13:00,0.0
2024-06-22 02:30:00,0.0
2024-06-22 02:31:00,0.0
2024-06-22 02:39:00,0.0
2024-06-22 03:19:00,0.0
2024-06-22 03:32:00,0.0
2024-06-22 03:41:00,0.0
2024-06-22 03:53:00,0.0
2024-06-22 04:04:00,0.0
2024-06-22 04:22:00,0.0
2024-06-22 04:52:00,0.0
2024-06-22 05:53:00,0.0
2024-06-22 05:58:00,0.0
2024-06-22 06:03:00,0.0
2024-06-22 06:05:00,0.0
2024-06-22 06:13:00,0.0
2024-06-22 06:54:00,0.0
2024-06-22 09:28:00,0.0
2024-06-22 09:33:00,0.0
2024-06-22 09:39:00,0.0
2024-06-22 09:43:00,0.0
2024-06-22 09:44:00,0.0
2024-06-22 10:07:00,0.0
2024-06-22 15:14:00,0.0
2024-06-22 16:59:00,0.0
2024-06-22 17:01:00,0.0
2024-06-22 17:12:00,0.0
2024-06-22 20:09:00,0.0
2024-06-22 20:39:00,0.0
2024-06-22 21:08:00,0.0
2024-06-22 21:29:00,0.0
2024-06-23 01:56:00,0.0
2024-06-23 02:16:00,0.0
2024-06-23 05:12:00,0.0
2024-06-23 05:33:00,0.0
2024-06-23 07:12:00,0.0
2024-06-23 09:00:00,0.0
2024-06-23 15:08:00,0.0
2024-06-23 17:04:00,0.0
2024-06-23 17:10:00,0.0
2024-06-23 17:25:00,0.0
2024-06-23 17:34:00,0.0
2024-06-23 17:40:00,0.0
2024-06-23 17:41:00,0.0
2024-06-23 20:01:00,0.0
2024-06-23 20:06:00,0.0
2024-06-23 21:30:00,0.0
2024-06-23 21:31:00,0.0
2024-06-23 21:44:00,0.0
2024-06-23 21:52:00,0.0
2024-06-23 21:59:00,0.0
2024-06-23 22:00:00,0.0
2024-06-23 22:04:00,0.0
2024-06-24 02:51:00,0.0
2024-06-24 03:08:00,0.0
2024-06-24 03:13:00,0.0
2024-06-24 03:26:00,0.0
2024-06-24 04:25:00,0.0
2024-06-24 04:28:00,0.0
2024-06-24 04:30:00,0.0
2024-06-24 04:41:00,0.0
2024-06-24 04:44:00,0.0
2024-06-24 04:54:00,0.0
2024-06-24 04:58:00,0.0
2024-06-24 05:04:00,0.0
2024-06-24 05:08:00,0.0
2024-06-24 05:09:00,0.0
2024-06-24 05:13:00,0.0
2024-06-24 05:19:00,0.0
2024-06-24 05:34:00,0.0
2024-06-24 05:40:00,0.0
2024-06-24 06:14:00,0.0
2024-06-24 06:21:00,0.0
2024-06-24 06:39:00,0.0
2024-06-24 06:45:00,0.0
2024-06-24 07:32:00,0.0
2024-06-24 07:38:00,0.0
2024-06-24 16:52:00,0.0
2024-06-24 18:03:00,0.0
2024-06-24 18:07:00,0.0
2024-06-24 18:11:00,0.0
2024-06-24 18:12:00,0.0
2024-06-24 18:18:00,0.0
2024-06-24 18:36:00,0.0
2024-06-24 18:48:00,0.0
2024-06-24 18:49:00,0.0
2024-06-24 18:55:00,0.0
2024-06-24 19:18:00,0.0
2024-06-24 20:59:00,0.0
2024-06-24 21:06:00,0.0
2024-06-24 21:15:00,0.0
2024-06-24 21:25:00,0.0
2024-06-24 23:01:00,0.0
2024-06-24 23:09:00,0.0
2024-06-24 23:48:00,0.0
2024-06-24 23:52:00,0.0
2024-06-25 00:20:00,0.0
2024-06-25 00:28:00,0.0
2024-06-25 00:34:00,0.0
2024-06-25 01:08:00,0.0
2024-06-25 01:37:00,0.0
2024-06-25 01:45:00,0.0
2024-06-25 01:51:00,0.0
2024-06-25 02:00:00,0.0
2024-06-25 02:14:00,0.0
2024-06-25 02:18:00,0.0
2024-06-25 02:37:00,0.0
2024-06-25 02:44:00,0.0
2024-06-25 03:38:00,0.0
2024-06-25 03:45:00,0.0
2024-06-25 04:02:00,0.0
2024-06-25 04:07:00,0.0
2024-06-25 04:38:00,0.0
2024-06-25 04:45:00,0.0
2024-06-25 04:48:00,0.0
2024-06-25 05:13:00,0.0
2024-06-25 06:20:00,0.0
2024-06-25 06:26:00,0.0
2024-06-25 06:30:00,0.0
2024-06-25 06:42:00,0.0
2024-06-25 07:39:00,0.0
2024-06-25 07:46:00,0.0
2024-06-25 15:53:00,0.0
2024-06-25 16:02:00,0.0
2024-06-25 21:10:00,0.0
2024-06-25 21:35:00,0.0
2024-06-25 22:58:00,0.0
2024-06-25 23:09:00,0.0
2024-06-25 23:34:00,0.0
2024-06-25 23:40:00,0.0
2024-06-25 23:54:00,0.0
2024-06-25 23:58:00,0.0
2024-06-26 00:14:00,0.0
2024-06-26 00:21:00,0.0
2024-06-26 00:22:00,0.0
2024-06-26 01:12:00,0.0
2024-06-26 01:16:00,0.0
2024-06-26 01:18:00,0.0
2024-06-26 01:58:00,0.0
2024-06-26 03:35:00,0.0
2024-06-26 03:55:00,0.0
2024-06-26 04:18:00,0.0
2024-06-26 04:35:00,0.0
2024-06-26 04:36:00,0.0
2024-06-26 05:00:00,0.0
2024-06-26 05:07:00,0.0
2024-06-26 05:13:00,0.0
2024-06-26 05:14:00,0.0
2024-06-26 07:11:00,0.0
2024-06-26 07:17:00,0.0
2024-06-26 07:23:00,0.0
2024-06-26 07:32:00,0.0
2024-06-26 17:18:00,0.0
2024-06-26 17:25:00,0.0
2024-06-26 18:06:00,0.0
2024-06-26 18:14:00,0.0
2024-06-26 19:57:00,0.0
2024-06-26 20:21:00,0.0
2024-06-26 20:26:00,0.0
2024-06-26 20:28:00,0.0
2024-06-26 20:33:00,0.0
2024-06-26 20:41:00,0.0
2024-06-26 22:24:00,0.0
2024-06-26 22:53:00,0.0
2024-06-27 01:11:00,0.0
2024-06-27 01:27:00,0.0
2024-06-27 03:01:00,0.0
2024-06-27 04:00:00,0.0
2024-06-27 04:10:00,0.0
2024-06-27 04:17:00,0.0
2024-06-27 04:26:00,0.0
2024-06-27 04:57:00,0.0
2024-06-27 05:34:00,0.0
2024-06-27 06:42:00,0.0
2024-06-27 06:48:00,0.0
2024-06-27 07:26:00,0.0
2024-06-27 07:34:00,0.0
2024-06-27 18:50:00,0.0
2024-06-27 18:58:00,0.0
2024-06-27 18:59:00,0.0
2024-06-27 19:04:00,0.0
2024-06-27 20:57:00,0.0
2024-06-27 21:05:00,0.0
2024-06-27 21:40:00,0.0
2024-06-27 21:48:00,0.0
2024-06-27 21:51:00,0.0
2024-06-27 21:59:00,0.0
2024-06-27 22:08:00,0.0
2024-06-27 22:09:00,0.0
2024-06-27 22:14:00,0.0
2024-06-27 22:21:00,0.0
2024-06-27 22:22:00,0.0
2024-06-27 22:23:00,0.0
2024-06-27 22:27:00,0.0
2024-06-27 22:29:00,0.0
2024-06-27 22:43:00,0.0
2024-06-27 22:44:00,0.0
2024-06-27 22:45:00,0.0
2024-06-27 22:48:00,0.0
2024-06-27 22:49:00,-1.0
2024-06-27 22:58:00,0.0
2024-06-27 22:59:00,0.0
2024-06-27 23:04:00,0.0
2024-06-27 23:13:00,0.0
2024-06-27 23:26:00,0.0
2024-06-28 01:31:00,0.0
2024-06-28 01:36:00,0.0
2024-06-28 02:22:00,0.0
2024-06-28 02:25:00,0.0
2024-06-28 02:31:00,0.0
2024-06-28 02:40:00,0.0
2024-06-28 02:43:00,0.0
2024-06-28 02:50:00,0.0
2024-06-28 02:55:00,0.0
2024-06-28 02:58:00,0.0
2024-06-28 03:03:00,0.0
2024-06-28 03:04:00,0.0
2024-06-28 03:10:00,0.0
2024-06-28 03:11:00,0.0
2024-06-28 03:17:00,0.0
2024-06-28 03:18:00,0.0
2024-06-28 03:19:00,0.0
2024-06-28 03:21:00,0.0
2024-06-28 03:28:00,0.0
2024-06-28 03:32:00,0.0
2024-06-28 03:41:00,0.0
2024-06-28 03:52:00,0.0
2024-06-28 03:56:00,0.0
2024-06-28 03:58:00,0.0
2024-06-28 04:28:00,0.0
2024-06-28 04:44:00,0.0
2024-06-28 04:58:00,0.0
2024-06-28 05:05:00,0.0
2024-06-28 05:12:00,0.0
2024-06-28 05:19:00,0.0
2024-06-28 05:22:00,0.0
2024-06-28 05:26:00,0.0
2024-06-28 05:27:00,0.0
2024-06-28 05:30:00,0.0
2024-06-28 06:02:00,0.0
2024-06-28 06:03:00,0.0
2024-06-28 06:08:00,0.0
2024-06-28 06:18:00,0.0
2024-06-28 06:42:00,0.0
2024-06-28 06:58:00,0.0
2024-06-28 07:00:00,0.0
2024-06-28 07:21:00,0.0
2024-06-28 07:27:00,0.0
2024-06-28 14:44:00,0.0
2024-06-28 14:52:00,0.0
2024-06-28 16:08:00,0.0
2024-06-28 16:31:00,0.0
2024-06-28 16:45:00,0.0
2024-06-28 16:47:00,0.0
2024-06-28 16:59:00,0.0
2024-06-28 17:04:00,0.0
2024-06-28 18:46:00,0.0
2024-06-28 19:06:00,0.0
2024-06-28 21:17:00,0.0
2024-06-28 22:03:00,0.0
2024-06-28 22:29:00,0.0
2024-06-28 22:41:00,0.0
2024-06-28 22:43:00,0.0
2024-06-28 23:07:00,0.0
2024-06-28 23:59:00,0.0
2024-06-29 02:14:00,0.0
2024-06-29 03:04:00,0.0
2024-06-29 03:09:00,0.0
2024-06-29 03:10:00,0.0
2024-06-29 03:15:00,0.0
2024-06-29 03:17:00,0.0
2024-06-29 03:22:00,0.0
2024-06-29 03:28:00,0.0
2024-06-29 03:35:00,0.0
2024-06-29 03:38:00,0.0
2024-06-29 03:46:00,0.0
2024-06-29 03:47:00,0.0
2024-06-29 05:20:00,0.0
2024-06-29 05:30:00,0.0
2024-06-29 05:46:00,0.0
2024-06-29 06:21:00,0.0
2024-06-29 06:51:00,0.0
2024-06-29 06:54:00,0.0
2024-06-29 09:20:00,0.0
2024-06-29 15:32:00,0.0
2024-06-29 15:44:00,0.0
2024-06-29 15:48:00,0.0
2024-06-29 15:52:00,0.0
2024-06-29 16:39:00,0.0
2024-06-29 17:29:00,0.0
2024-06-29 17:36:00,0.0
2024-06-29 17:51:00,0.0
2024-06-29 19:29:00,0.0
2024-06-29 19:35:00,0.0
2024-06-29 20:33:00,0.0
2024-06-29 20:38:00,0.0
2024-06-29 20:45:00,0.0
2024-06-29 20:49:00,0.0
2024-06-29 21:05:00,0.0
2024-06-29 21:09:00,0.0
2024-06-29 21:11:00,0.0
2024-06-29 21:15:00,0.0
2024-06-29 21:26:00,0.0
2024-06-29 21:45:00,0.0
2024-06-29 21:46:00,0.0
2024-06-29 21:59:00,0.0
2024-06-29 22:03:00,0.0
2024-06-29 22:21:00,0.0
2024-06-29 22:47:00,0.0
2024-06-29 22:51:00,0.0
2024-06-29 23:39:00,0.0
2024-06-29 23:40:00,0.0
2024-06-29 23:43:00,0.0
2024-06-29 23:44:00,0.0
2024-06-30 00:00:00,0.0
2024-06-30 00:22:00,0.0
2024-06-30 00:36:00,0.0
2024-06-30 00:40:00,0.0
2024-06-30 00:42:00,0.0
2024-06-30 00:46:00,0.0
2024-06-30 00:51:00,0.0
2024-06-30 02:17:00,0.0
2024-06-30 02:56:00,0.0
2024-06-30 03:04:00,0.0
2024-06-30 03:06:00,0.0
2024-06-30 03:16:00,0.0
2024-06-30 03:18:00,0.0
2024-06-30 03:26:00,0.0
2024-06-30 03:29:00,0.0
2024-06-30 03:40:00,0.0
2024-06-30 03:42:00,0.0
2024-06-30 03:48:00,0.0
2024-06-30 04:01:00,0.0
2024-06-30 04:15:00,0.0
2024-06-30 04:26:00,0.0
2024-06-30 04:34:00,0.0
2024-06-30 05:08:00,0.0
2024-06-30 06:23:00,0.0
2024-06-30 06:31:00,0.0
2024-06-30 06:32:00,0.0
2024-06-30 06:37:00,0.0
2024-06-30 06:42:00,0.0
2024-06-30 07:30:00,0.0
2024-06-30 15:33:00,0.0
2024-06-30 15:53:00,0.0
2024-06-30 16:21:00,0.0
2024-06-30 16:50:00,0.0
2024-06-30 18:12:00,0.0
2024-06-30 18:24:00,0.0
2024-06-30 19:15:00,0.0
2024-06-30 19:53:00,0.0
2024-06-30 19:58:00,0.0
2024-06-30 20:32:00,0.0
2024-06-30 20:41:00,0.0
2024-06-30 22:02:00,0.0
2024-06-30 22:04:00,0.0
2024-06-30 22:30:00,0.0
2024-06-30 22:36:00,0.0
2024-06-30 22:37:00,0.0
2024-06-30 23:14:00,0.0
2024-06-30 23:19:00,0.0
2024-06-30 23:20:00,0.0
2024-07-01 00:10:00,0.0
2024-07-01 00:55:00,0.0
2024-07-01 01:03:00,0.0
2024-07-01 01:43:00,0.0
2024-07-01 01:46:00,0.0
2024-07-01 03:33:00,0.0
2024-07-01 04:08:00,0.0
2024-07-01 04:17:00,0.0
2024-07-01 04:19:00,0.0
2024-07-01 15:14:00,0.0
2024-07-01 15:35:00,0.0
2024-07-01 17:18:00,0.0
2024-07-01 18:55:00,0.0
2024-07-01 18:56:00,0.0
2024-07-01 21:53:00,0.0
2024-07-01 23:07:00,0.0
2024-07-01 23:14:00,0.0
2024-07-01 23:36:00,0.0
2024-07-02 01:22:00,0.0
2024-07-02 01:28:00,0.0
2024-07-02 01:45:00,0.0
2024-07-02 02:05:00,0.0
2024-07-02 02:15:00,0.0
2024-07-02 03:49:00,0.0
2024-07-02 04:09:00,0.0
2024-07-02 04:23:00,0.0
2024-07-02 04:29:00,0.0
2024-07-02 04:32:00,0.0
2024-07-02 04:40:00,0.0
2024-07-02 05:25:00,0.0
2024-07-02 06:37:00,0.0
2024-07-02 06:42:00,0.0
2024-07-02 17:48:00,0.0
2024-07-02 17:54:00,0.0
2024-07-02 18:29:00,0.0
2024-07-02 21:08:00,0.0
2024-07-02 22:48:00,0.0
2024-07-03 01:31:00,0.0
2024-07-03 01:35:00,0.0
2024-07-03 01:43:00,0.0
2024-07-03 01:51:00,0.0
2024-07-03 01:57:00,0.0
2024-07-03 02:21:00,0.0
2024-07-03 02:30:00,0.0
2024-07-03 02:49:00,0.0
2024-07-03 03:32:00,0.0
2024-07-03 03:47:00,0.0
2024-07-03 03:49:00,0.0
2024-07-03 03:59:00,0.0
2024-07-03 04:00:00,0.0
2024-07-03 04:06:00,0.0
2024-07-03 04:34:00,0.0
2024-07-03 05:19:00,0.0
2024-07-03 05:25:00,0.0
2024-07-03 05:52:00,0.0
2024-07-03 06:09:00,0.0
2024-07-03 06:22:00,0.0
2024-07-03 06:27:00,0.0
2024-07-03 06:28:00,0.0
2024-07-03 06:38:00,0.0
2024-07-03 07:03:00,0.0
2024-07-03 07:15:00,0.0
2024-07-03 16:41:00,0.0
2024-07-03 16:46:00,0.0
2024-07-03 21:36:00,0.0
2024-07-03 21:40:00,0.0
2024-07-03 21:41:00,0.0
2024-07-03 21:42:00,0.0
2024-07-03 21:47:00,0.0
2024-07-03 22:19:00,0.0
2024-07-03 22:33:00,0.0
2024-07-03 22:38:00,0.0
2024-07-03 23:48:00,0.0
2024-07-03 23:52:00,0.0
2024-07-04 00:08:00,0.0
2024-07-04 00:35:00,0.0
2024-07-04 00:50:00,0.0
2024-07-04 01:45:00,0.0
2024-07-04 02:25:00,0.0
2024-07-04 02:51:00,0.0
2024-07-04 04:05:00,0.0
2024-07-04 04:11:00,0.0
2024-07-04 04:13:00,0.0
2024-07-04 04:18:00,0.0
2024-07-04 04:30:00,0.0
2024-07-04 04:39:00,0.0
2024-07-04 04:49:00,0.0
2024-07-04 04:57:00,0.0
2024-07-04 05:36:00,0.0
2024-07-04 05:45:00,0.0
2024-07-04 18:50:00,0.0
2024-07-04 18:56:00,0.0
2024-07-04 19:27:00,0.0
2024-07-04 19:35:00,0.0
2024-07-04 19:47:00,0.0
2024-07-05 00:04:00,0.0
2024-07-05 00:25:00,0.0
2024-07-05 00:27:00,0.0
2024-07-05 00:31:00,0.0
2024-07-05 00:41:00,0.0
2024-07-05 02:14:00,0.0
2024-07-05 02:39:00,0.0
2024-07-05 03:24:00,0.0
2024-07-05 03:58:00,0.0
2024-07-05 04:29:00,0.0
2024-07-05 04:45:00,0.0
2024-07-05 05:22:00,0.0
2024-07-05 05:59:00,0.0
2024-07-05 17:20:00,0.0
2024-07-05 19:56:00,0.0
2024-07-05 20:14:00,0.0
2024-07-05 20:53:00,0.0
2024-07-05 22:11:00,0.0
2024-07-06 00:22:00,0.0
2024-07-06 00:28:00,0.0
2024-07-06 00:35:00,0.0
2024-07-06 00:36:00,0.0
2024-07-06 01:58:00,0.0
2024-07-06 03:25:00,0.0
2024-07-06 03:31:00,0.0
2024-07-06 03:37:00,0.0
2024-07-06 03:41:00,0.0
2024-07-06 03:51:00,0.0
2024-07-06 04:05:00,0.0
2024-07-06 04:38:00,0.0
2024-07-06 05:29:00,0.0
2024-07-06 05:44:00,0.0
2024-07-06 06:40:00,0.0
2024-07-06 15:28:00,0.0
2024-07-06 16:20:00,0.0
2024-07-06 16:30:00,0.0
2024-07-06 16:33:00,0.0
2024-07-06 17:05:00,0.0
2024-07-06 17:15:00,0.0
2024-07-06 19:04:00,0.0
2024-07-06 20:01:00,0.0
2024-07-06 20:05:00,0.0
2024-07-06 20:16:00,0.0
2024-07-06 20:27:00,0.0
2024-07-06 22:36:00,0.0
2024-07-06 22:54:00,0.0
2024-07-06 23:36:00,0.0
2024-07-07 00:08:00,0.0
2024-07-07 00:24:00,0.0
2024-07-07 01:14:00,0.0
2024-07-07 02:10:00,0.0
2024-07-07 02:22:00,0.0
2024-07-07 02:48:00,0.0
2024-07-07 04:11:00,0.0
2024-07-07 04:31:00,0.0
2024-07-07 07:04:00,0.0
2024-07-07 07:09:00,0.0
2024-07-07 07:12:00,0.0
2024-07-07 07:21:00,0.0
2024-07-07 15:52:00,0.0
2024-07-07 16:33:00,0.0
2024-07-07 16:45:00,0.0
2024-07-07 17:50:00,0.0
2024-07-07 21:35:00,0.0
2024-07-07 23:07:00,0.0
2024-07-08 00:46:00,0.0
2024-07-08 01:10:00,0.0
2024-07-08 01:33:00,0.0
2024-07-08 02:06:00,0.0
2024-07-08 02:11:00,0.0
2024-07-08 02:24:00,0.0
2024-07-08 02:33:00,0.0
2024-07-08 02:40:00,0.0
2024-07-08 03:09:00,0.0
2024-07-08 03:15:00,0.0
2024-07-08 03:24:00,0.0
2024-07-08 03:30:00,0.0
2024-07-08 03:33:00,0.0
2024-07-08 03:39:00,0.0
2024-07-08 03:42:00,0.0
2024-07-08 03:52:00,0.0
2024-07-08 04:25:00,0.0
2024-07-08 04:33:00,0.0
2024-07-08 04:42:00,0.0
2024-07-08 04:43:00,0.0
2024-07-08 05:19:00,0.0
2024-07-08 05:20:00,0.0
2024-07-08 05:28:00,0.0
2024-07-08 05:32:00,0.0
2024-07-08 06:55:00,0.0
2024-07-08 07:21:00,0.0
2024-07-08 07:35:00,0.0
2024-07-08 23:20:00,0.0
2024-07-08 23:36:00,0.0
2024-07-08 23:47:00,0.0
2024-07-09 01:09:00,0.0
2024-07-09 02:31:00,0.0
2024-07-09 03:20:00,0.0
2024-07-09 04:54:00,0.0
2024-07-09 05:03:00,0.0
2024-07-09 05:08:00,0.0
2024-07-09 05:23:00,0.0
2024-07-09 05:46:00,0.0
2024-07-09 05:53:00,0.0
2024-07-09 07:10:00,0.0
2024-07-09 07:14:00,0.0
2024-07-09 07:16:00,0.0
2024-07-09 07:33:00,0.0
2024-07-09 17:42:00,0.0
2024-07-09 17:49:00,0.0
2024-07-09 17:56:00,0.0
2024-07-09 18:02:00,0.0
2024-07-09 18:20:00,0.0
2024-07-09 18:22:00,0.0
2024-07-09 18:25:00,0.0
2024-07-09 18:45:00,0.0
2024-07-09 22:36:00,0.0
2024-07-09 23:04:00,0.0
2024-07-10 04:29:00,0.0
2024-07-10 04:48:00,0.0
2024-07-10 05:27:00,0.0
2024-07-10 05:46:00,0.0
2024-07-10 05:53:00,0.0
2024-07-10 06:20:00,0.0
2024-07-10 21:31:00,0.0
2024-07-10 21:38:00,0.0
2024-07-10 23:00:00,0.0
2024-07-10 23:14:00,0.0
2024-07-11 00:43:00,0.0
2024-07-11 00:44:00,0.0
2024-07-11 00:55:00,0.0
2024-07-11 00:56:00,0.0
2024-07-11 05:20:00,0.0
2024-07-11 05:57:00,0.0
2024-07-12 03:03:00,0.0
2024-07-12 04:56:00,0.0
2024-07-13 07:42:00,0.0
2024-07-13 07:54:00,0.0
2024-07-13 14:54:00,0.0
2024-07-13 15:32:00,0.0
2024-07-13 21:52:00,0.0
2024-07-13 22:49:00,0.0
2024-07-14 03:14:00,0.0
2024-07-14 04:45:00,0.0
2024-07-14 05:19:00,0.0
2024-07-14 06:13:00,0.0
2024-07-14 07:27:00,0.0
2024-07-14 07:30:00,0.0
2024-07-14 07:31:00,0.0
2024-07-14 07:36:00,0.0
2024-07-14 07:37:00,0.0
2024-07-14 07:38:00,0.0
2024-07-14 07:45:00,0.0
2024-07-14 08:28:00,0.0
2024-07-14 15:30:00,0.0
2024-07-14 16:35:00,0.0
2024-07-14 18:25:00,0.0
2024-07-14 18:35:00,0.0
2024-07-14 19:02:00,0.0
2024-07-14 19:13:00,0.0
2024-07-14 19:16:00,0.0
2024-07-14 19:24:00,0.0
2024-07-14 19:44:00,0.0
2024-07-14 19:54:00,0.0
2024-07-14 21:23:00,0.0
2024-07-14 21:52:00,0.0
2024-07-15 03:19:00,0.0
2024-07-15 04:07:00,0.0
2024-07-16 02:23:00,0.0
2024-07-16 03:33:00,0.0
2024-07-16 03:36:00,0.0
2024-07-16 03:53:00,0.0
2024-07-16 04:03:00,0.0
2024-07-16 04:33:00,0.0
2024-07-16 04:40:00,0.0
2024-07-16 04:45:00,0.0
2024-07-16 05:03:00,0.0
2024-07-16 05:12:00,0.0
2024-07-16 05:15:00,0.0
2024-07-16 05:26:00,0.0
2024-07-16 05:36:00,0.0
2024-07-16 06:09:00,0.0
2024-07-16 06:27:00,0.0
2024-07-16 18:25:00,0.0
2024-07-16 20:06:00,0.0
2024-07-17 00:51:00,0.0
2024-07-17 01:10:00,0.0
2024-07-17 03:35:00,0.0
2024-07-17 03:49:00,0.0
2024-07-17 03:59:00,0.0
2024-07-17 04:30:00,0.0
2024-07-17 05:04:00,0.0
2024-07-17 05:07:00,0.0
2024-07-17 06:02:00,0.0
2024-07-17 09:04:00,0.0
2024-07-17 21:23:00,0.0
2024-07-17 21:30:00,0.0
2024-07-18 00:14:00,0.0
2024-07-18 00:37:00,0.0
2024-07-18 01:18:00,0.0
2024-07-18 04:52:00,0.0
2024-07-18 04:57:00,0.0
2024-07-18 05:02:00,0.0
2024-07-18 21:18:00,0.0
2024-07-18 23:33:00,0.0
2024-07-19 02:00:00,0.0
2024-07-19 06:15:00,0.0
2024-07-20 00:48:00,0.0
2024-07-20 00:52:00,0.0
2024-07-20 00:58:00,0.0
2024-07-20 01:30:00,0.0
2024-07-20 01:40:00,0.0
2024-07-20 01:44:00,0.0
2024-07-20 01:49:00,0.0
2024-07-20 02:07:00,0.0
2024-07-20 02:08:00,0.0
2024-07-20 02:33:00,0.0
2024-07-20 03:26:00,0.0
2024-07-20 03:32:00,0.0
2024-07-20 04:00:00,0.0
2024-07-20 04:02:00,0.0
2024-07-20 04:04:00,0.0
2024-07-20 04:05:00,0.0
2024-07-20 04:25:00,0.0
2024-07-20 04:47:00,0.0
2024-07-20 05:25:00,0.0
2024-07-20 05:31:00,0.0
2024-07-20 05:39:00,0.0
2024-07-20 07:52:00,0.0
2024-07-20 15:17:00,0.0
2024-07-20 16:43:00,0.0
2024-07-20 18:36:00,0.0
2024-07-20 20:01:00,0.0
2024-07-20 23:22:00,0.0
2024-07-20 23:35:00,0.0
2024-07-20 23:57:00,0.0
2024-07-21 00:10:00,0.0
2024-07-21 01:50:00,0.0
2024-07-21 06:16:00,0.0
2024-07-21 06:22:00,0.0
2024-07-21 15:31:00,0.0
2024-07-21 16:34:00,0.0
2024-07-21 19:40:00,0.0
2024-07-21 20:49:00,0.0
2024-07-21 22:48:00,0.0
2024-07-21 23:08:00,0.0
2024-07-21 23:15:00,0.0
2024-07-21 23:56:00,0.0
2024-07-22 00:16:00,0.0
2024-07-22 00:50:00,0.0
2024-07-22 00:59:00,0.0
2024-07-22 08:02:00,0.0
2024-07-22 08:07:00,0.0
2024-07-22 09:11:00,0.0
2024-07-22 09:16:00,0.0
2024-07-22 09:26:00,0.0
2024-07-22 09:31:00,0.0
2024-07-22 09:37:00,0.0
2024-07-22 09:43:00,0.0
2024-07-22 19:05:00,0.0
2024-07-22 19:19:00,0.0
2024-07-22 19:41:00,0.0
2024-07-22 21:22:00,0.0
2024-07-22 23:43:00,0.0
2024-07-22 23:50:00,0.0
2024-07-22 23:51:00,0.0
2024-07-22 23:59:00,0.0
2024-07-23 00:12:00,0.0
2024-07-23 00:20:00,0.0
2024-07-23 00:27:00,0.0
2024-07-23 00:46:00,0.0
2024-07-23 01:17:00,0.0
2024-07-23 01:25:00,0.0
2024-07-23 02:12:00,0.0
2024-07-23 02:35:00,0.0
2024-07-23 03:47:00,0.0
2024-07-23 03:51:00,0.0
2024-07-23 04:20:00,0.0
2024-07-23 05:06:00,0.0
2024-07-23 05:12:00,0.0
2024-07-23 05:25:00,0.0
2024-07-23 17:56:00,0.0
2024-07-23 19:03:00,0.0
2024-07-23 19:19:00,0.0
2024-07-23 20:09:00,0.0
2024-07-24 00:00:00,0.0
2024-07-24 00:34:00,0.0
2024-07-24 01:43:00,0.0
2024-07-24 03:17:00,0.0
2024-07-24 05:22:00,0.0
2024-07-24 05:58:00,0.0
2024-07-24 20:50:00,0.0
2024-07-25 00:01:00,0.0
2024-07-25 00:35:00,0.0
2024-07-25 01:42:00,0.0
2024-07-25 02:01:00,0.0
2024-07-25 02:39:00,0.0
2024-07-25 02:43:00,0.0
2024-07-25 02:49:00,0.0
2024-07-25 02:57:00,0.0
2024-07-25 03:22:00,0.0
2024-07-25 03:27:00,0.0
2024-07-25 03:43:00,0.0
2024-07-25 03:50:00,0.0
2024-07-25 03:57:00,0.0
2024-07-25 03:58:00,0.0
2024-07-25 04:01:00,0.0
2024-07-25 04:08:00,0.0
2024-07-25 04:57:00,0.0
2024-07-25 05:06:00,0.0
2024-07-25 05:59:00,0.0
2024-07-25 06:15:00,0.0
2024-07-25 06:22:00,0.0
2024-07-25 06:25:00,0.0
2024-07-25 06:31:00,0.0
2024-07-25 06:38:00,0.0
2024-07-25 06:39:00,0.0
2024-07-25 06:42:00,0.0
2024-07-25 06:44:00,0.0
2024-07-25 06:45:00,0.0
2024-07-25 06:46:00,0.0
2024-07-25 06:50:00,0.0
2024-07-25 06:51:00,0.0
2024-07-25 06:55:00,0.0
2024-07-25 06:56:00,0.0
2024-07-25 07:00:00,0.0
2024-07-25 07:01:00,0.0
2024-07-25 07:02:00,0.0
2024-07-25 07:03:00,0.0
2024-07-25 07:05:00,0.0
2024-07-25 07:06:00,0.0
2024-07-25 07:08:00,0.0
2024-07-25 07:09:00,0.0
2024-07-25 07:13:00,0.0
2024-07-25 07:22:00,0.0
2024-07-25 07:25:00,0.0
2024-07-25 07:26:00,0.0
2024-07-25 07:29:00,0.0
2024-07-25 07:32:00,0.0
2024-07-25 07:33:00,0.0
2024-07-25 07:36:00,0.0
2024-07-25 07:37:00,0.0
2024-07-25 07:38:00,0.0
2024-07-25 07:39:00,0.0
2024-07-25 07:42:00,0.0
2024-07-25 07:43:00,0.0
2024-07-25 08:35:00,0.0
2024-07-25 08:42:00,0.0
2024-07-25 17:34:00,0.0
2024-07-25 17:57:00,0.0
2024-07-25 22:49:00,0.0
2024-07-25 23:33:00,0.0
2024-07-25 23:43:00,0.0
2024-07-25 23:48:00,0.0
2024-07-26 00:29:00,0.0
2024-07-26 01:10:00,0.0
2024-07-26 02:23:00,0.0
2024-07-26 02:33:00,0.0
2024-07-26 05:08:00,0.0
2024-07-26 05:25:00,0.0
2024-07-26 18:36:00,0.0
2024-07-26 18:41:00,0.0
2024-07-26 18:43:00,0.0
2024-07-26 18:49:00,0.0
2024-07-26 18:56:00,0.0
2024-07-26 19:01:00,0.0
2024-07-26 19:13:00,0.0
2024-07-26 19:22:00,0.0
2024-07-26 19:50:00,0.0
2024-07-26 20:42:00,0.0
2024-07-26 23:09:00,0.0
2024-07-26 23:16:00,0.0
2024-07-27 00:32:00,0.0
2024-07-27 00:42:00,0.0
2024-07-27 00:49:00,0.0
2024-07-27 01:16:00,0.0
2024-07-27 02:18:00,0.0
2024-07-27 02:48:00,0.0
2024-07-27 02:50:00,0.0
2024-07-27 02:56:00,0.0
2024-07-27 04:22:00,0.0
2024-07-27 04:59:00,0.0
2024-07-27 10:20:00,0.0
2024-07-27 11:01:00,0.0
2024-07-27 15:54:00,0.0
2024-07-27 17:04:00,0.0
2024-07-27 17:13:00,0.0
2024-07-27 17:16:00,0.0
2024-07-27 23:30:00,0.0
2024-07-28 00:23:00,0.0
2024-07-28 00:47:00,0.0
2024-07-28 01:13:00,0.0
2024-07-28 03:16:00,0.0
2024-07-28 03:22:00,0.0
2024-07-28 05:01:00,0.0
2024-07-28 05:34:00,0.0
2024-07-28 07:56:00,0.0
2024-07-28 08:06:00,0.0
2024-07-28 08:49:00,0.0
2024-07-28 09:00:00,0.0
2024-07-28 15:07:00,0.0
2024-07-28 15:36:00,0.0
2024-07-28 15:57:00,0.0
2024-07-28 16:58:00,0.0
2024-07-29 04:08:00,0.0
2024-07-29 04:18:00,0.0
2024-07-29 04:19:00,0.0
2024-07-29 04:20:00,0.0
2024-07-29 04:21:00,0.0
2024-07-29 04:28:00,0.0
2024-07-29 04:29:00,0.0
2024-07-29 05:55:00,0.0
2024-07-29 05:59:00,0.0
2024-07-29 23:22:00,0.0
2024-07-29 23:31:00,0.0
2024-07-30 00:16:00,0.0
2024-07-30 02:13:00,0.0
2024-07-30 02:22:00,0.0
2024-07-30 03:44:00,0.0
2024-07-30 03:49:00,0.0
2024-07-30 03:54:00,0.0
2024-07-30 04:11:00,0.0
2024-07-30 04:15:00,0.0
2024-07-30 04:39:00,0.0
2024-07-30 05:20:00,0.0
2024-07-30 14:30:00,0.0
2024-07-30 15:10:00,0.0
2024-07-30 15:15:00,0.0
2024-07-30 15:43:00,0.0
2024-07-30 15:58:00,0.0
2024-07-30 16:20:00,0.0
2024-07-30 16:26:00,0.0
2024-07-30 16:34:00,0.0
2024-07-30 19:39:00,0.0
2024-07-30 20:04:00,0.0
2024-07-30 21:28:00,0.0
2024-07-30 21:48:00,0.0
2024-07-30 23:34:00,0.0
2024-07-30 23:39:00,0.0
2024-07-30 23:53:00,0.0
2024-07-31 00:37:00,0.0
2024-07-31 02:27:00,0.0
2024-07-31 02:58:00,0.0
2024-07-31 03:18:00,0.0
2024-07-31 03:21:00,0.0
2024-07-31 03:23:00,0.0
2024-07-31 03:24:00,0.0
2024-07-31 03:35:00,0.0
2024-07-31 04:01:00,0.0
2024-07-31 04:05:00,0.0
2024-07-31 04:17:00,0.0
2024-07-31 04:35:00,0.0
2024-07-31 05:21:00,0.0
2024-07-31 05:23:00,0.0
2024-07-31 05:29:00,0.0
2024-07-31 07:20:00,0.0
2024-07-31 07:26:00,0.0
2024-08-01 00:00:00,0.0
2024-08-01 01:26:00,0.0
2024-08-01 02:14:00,0.0
2024-08-01 03:57:00,0.0
2024-08-01 04:31:00,0.0
2024-08-01 05:52:00,0.0
2024-08-01 06:54:00,0.0
2024-08-01 08:54:00,0.0
2024-08-01 17:41:00,0.0
2024-08-01 19:59:00,0.0
2024-08-01 21:28:00,0.0
2024-08-01 21:29:00,0.0
2024-08-01 21:30:00,0.0
2024-08-01 21:33:00,0.0
2024-08-01 21:34:00,0.0
2024-08-01 21:39:00,0.0
2024-08-01 21:40:00,0.0
2024-08-01 21:41:00,0.0
2024-08-01 21:44:00,0.0
2024-08-01 21:46:00,0.0
2024-08-01 23:12:00,0.0
2024-08-01 23:13:00,0.0
2024-08-01 23:23:00,0.0
2024-08-02 04:59:00,0.0
2024-08-02 05:04:00,0.0
2024-08-02 05:13:00,0.0
2024-08-02 07:08:00,0.0
2024-08-02 20:33:00,0.0
2024-08-02 22:15:00,0.0
2024-08-02 23:37:00,0.0
2024-08-03 00:35:00,0.0
2024-08-03 02:29:00,0.0
2024-08-03 02:30:00,0.0
2024-08-03 02:38:00,0.0
2024-08-03 03:53:00,0.0
2024-08-03 03:54:00,0.0
2024-08-03 04:24:00,0.0
2024-08-03 04:59:00,0.0
2024-08-03 06:15:00,0.0
2024-08-03 08:29:00,0.0
2024-08-03 09:12:00,0.0
2024-08-03 15:17:00,0.0
2024-08-03 15:42:00,0.0
2024-08-03 17:31:00,0.0
2024-08-03 17:39:00,0.0
2024-08-03 21:36:00,0.0
2024-08-03 22:33:00,0.0
2024-08-03 23:43:00,0.0
2024-08-04 00:15:00,0.0
2024-08-04 00:24:00,0.0
2024-08-04 00:51:00,0.0
2024-08-04 01:07:00,0.0
2024-08-04 01:49:00,0.0
2024-08-04 01:51:00,0.0
2024-08-04 04:29:00,0.0
2024-08-04 08:01:00,0.0
2024-08-04 14:43:00,0.0
2024-08-04 15:13:00,0.0
2024-08-04 17:19:00,0.0
2024-08-04 17:28:00,0.0
2024-08-04 18:06:00,0.0
2024-08-04 18:11:00,0.0
2024-08-04 18:27:00,0.0
2024-08-04 18:44:00,0.0
2024-08-04 20:16:00,0.0
2024-08-04 20:47:00,0.0
2024-08-04 23:15:00,0.0
2024-08-05 00:25:00,0.0
2024-08-05 03:54:00,0.0
2024-08-05 04:07:00,0.0
2024-08-05 04:25:00,0.0
2024-08-05 07:45:00,0.0
2024-08-06 01:52:00,0.0
2024-08-06 02:03:00,0.0
2024-08-06 03:31:00,0.0
2024-08-06 05:35:00,0.0
2024-08-06 17:27:00,0.0
2024-08-06 17:35:00,0.0
2024-08-06 23:48:00,0.0
2024-08-07 00:26:00,0.0
2024-08-07 01:11:00,0.0
2024-08-07 01:42:00,0.0
2024-08-07 03:59:00,0.0
2024-08-07 04:04:00,0.0
2024-08-07 05:33:00,0.0
2024-08-07 06:56:00,0.0
2024-08-07 18:21:00,0.0
2024-08-07 18:38:00,0.0
2024-08-07 18:45:00,0.0
2024-08-07 18:46:00,0.0
2024-08-07 19:15:00,0.0
2024-08-07 20:23:00,0.0
2024-08-07 20:30:00,0.0
2024-08-07 20:55:00,0.0
2024-08-07 20:57:00,0.0
2024-08-07 21:17:00,0.0
2024-08-07 23:23:00,0.0
2024-08-07 23:25:00,0.0
2024-08-07 23:34:00,0.0
2024-08-08 00:03:00,0.0
2024-08-08 00:18:00,0.0
2024-08-08 00:21:00,0.0
2024-08-08 01:35:00,0.0
2024-08-08 01:39:00,0.0
2024-08-08 02:41:00,0.0
2024-08-08 02:43:00,0.0
2024-08-08 02:50:00,0.0
2024-08-08 02:57:00,0.0
2024-08-08 03:25:00,0.0
2024-08-08 04:02:00,0.0
2024-08-08 05:27:00,0.0
2024-08-08 07:26:00,0.0
2024-08-08 21:00:00,0.0
2024-08-08 21:54:00,0.0
2024-08-08 21:58:00,0.0
2024-08-08 22:14:00,0.0
2024-08-09 02:02:00,0.0
2024-08-09 02:34:00,0.0
2024-08-09 02:43:00,0.0
2024-08-09 02:59:00,0.0
2024-08-09 03:14:00,0.0
2024-08-09 03:39:00,0.0
2024-08-09 09:36:00,0.0
2024-08-09 10:55:00,0.0
2024-08-09 23:01:00,0.0
2024-08-09 23:13:00,0.0
2024-08-10 00:36:00,0.0
2024-08-10 00:41:00,0.0
2024-08-10 01:13:00,0.0
2024-08-10 01:40:00,0.0
2024-08-10 01:42:00,0.0
2024-08-10 06:23:00,0.0
2024-08-10 07:06:00,0.0
2024-08-10 20:29:00,0.0
2024-08-10 20:36:00,0.0
2024-08-10 21:14:00,0.0
2024-08-10 21:20:00,0.0
2024-08-10 22:50:00,0.0
2024-08-11 01:35:00,0.0
2024-08-11 02:15:00,0.0
2024-08-11 03:14:00,0.0
2024-08-11 04:27:00,0.0
2024-08-11 05:09:00,0.0
2024-08-11 05:26:00,0.0
2024-08-11 05:28:00,0.0
2024-08-11 05:35:00,0.0
2024-08-11 06:12:00,0.0
2024-08-11 07:34:00,0.0
2024-08-11 08:05:00,0.0
2024-08-11 15:40:00,0.0
2024-08-11 15:45:00,0.0
2024-08-11 15:52:00,0.0
2024-08-11 16:09:00,0.0
2024-08-11 23:39:00,0.0
2024-08-11 23:49:00,0.0
2024-08-12 00:07:00,0.0
2024-08-12 00:16:00,0.0
2024-08-12 00:21:00,0.0
2024-08-12 01:05:00,0.0
2024-08-12 03:41:00,0.0
2024-08-12 04:36:00,0.0
2024-08-12 05:41:00,0.0
2024-08-12 07:59:00,0.0
2024-08-12 21:28:00,0.0
2024-08-12 21:39:00,0.0
2024-08-13 02:31:00,0.0
2024-08-13 02:41:00,0.0
2024-08-13 03:32:00,0.0
2024-08-13 05:04:00,0.0
2024-08-13 18:28:00,0.0
2024-08-13 21:19:00,0.0
2024-08-14 00:00:00,0.0
2024-08-14 00:48:00,0.0
2024-08-14 00:54:00,0.0
2024-08-14 02:51:00,0.0
2024-08-14 04:24:00,0.0
2024-08-14 04:28:00,0.0
2024-08-14 04:59:00,0.0
2024-08-14 07:07:00,0.0
2024-08-14 07:16:00,0.0
2024-08-14 08:49:00,0.0
2024-08-15 00:27:00,0.0
2024-08-15 00:42:00,0.0
2024-08-15 00:50:00,0.0
2024-08-15 01:11:00,0.0
2024-08-15 02:46:00,0.0
2024-08-15 03:14:00,0.0
2024-08-16 03:00:00,0.0
2024-08-16 07:05:00,0.0
2024-08-16 20:28:00,0.0
2024-08-16 21:51:00,0.0
2024-08-17 04:04:00,0.0
2024-08-17 04:48:00,0.0
2024-08-17 05:11:00,0.0
2024-08-17 05:31:00,0.0
2024-08-17 07:36:00,0.0
2024-08-17 07:42:00,0.0
2024-08-17 15:34:00,0.0
2024-08-17 16:27:00,0.0
2024-08-18 00:26:00,0.0
2024-08-18 00:31:00,0.0
2024-08-18 00:43:00,0.0
2024-08-18 00:48:00,0.0
2024-08-18 00:49:00,0.0
2024-08-18 00:51:00,0.0
2024-08-18 00:54:00,0.0
2024-08-18 01:50:00,0.0
2024-08-18 02:37:00,0.0
2024-08-18 03:15:00,0.0
2024-08-18 16:50:00,0.0
2024-08-18 18:32:00,0.0
2024-08-18 18:56:00,0.0
2024-08-18 19:17:00,0.0
2024-08-18 20:43:00,0.0
2024-08-18 20:46:00,0.0
2024-08-18 21:39:00,0.0
2024-08-18 21:44:00,0.0
2024-08-18 21:46:00,0.0
2024-08-18 21:54:00,0.0
2024-08-18 22:12:00,0.0
2024-08-18 22:20:00,0.0
2024-08-18 22:50:00,0.0
2024-08-19 00:24:00,0.0
2024-08-19 00:32:00,0.0
2024-08-19 00:52:00,0.0
2024-08-19 00:56:00,0.0
2024-08-19 01:02:00,0.0
2024-08-19 01:08:00,0.0
2024-08-19 01:27:00,0.0
2024-08-19 01:44:00,0.0
2024-08-19 02:09:00,0.0
2024-08-19 03:09:00,0.0
2024-08-19 03:52:00,0.0
2024-08-19 04:48:00,0.0
2024-08-19 05:04:00,0.0
2024-08-19 05:19:00,0.0
2024-08-19 05:27:00,0.0
2024-08-19 05:33:00,0.0
2024-08-19 07:23:00,0.0
2024-08-19 21:09:00,0.0
2024-08-19 21:24:00,0.0
2024-08-19 23:30:00,0.0
2024-08-20 00:04:00,0.0
2024-08-20 01:48:00,0.0
2024-08-20 02:27:00,0.0
2024-08-20 02:33:00,0.0
2024-08-20 02:34:00,0.0
2024-08-20 03:35:00,0.0
2024-08-20 04:11:00,0.0
2024-08-20 04:17:00,0.0
2024-08-20 04:27:00,0.0
2024-08-20 04:41:00,0.0
2024-08-20 05:02:00,0.0
2024-08-20 05:57:00,0.0
2024-08-20 05:59:00,0.0
2024-08-21 01:06:00,0.0
2024-08-21 01:38:00,0.0
2024-08-21 02:26:00,0.0
2024-08-21 02:50:00,0.0
2024-08-21 04:14:00,0.0
2024-08-21 04:42:00,0.0
2024-08-21 04:46:00,0.0
2024-08-21 04:48:00,0.0
2024-08-21 05:26:00,0.0
2024-08-21 05:31:00,0.0
2024-08-21 23:04:00,0.0
2024-08-22 00:00:00,0.0
2024-08-22 00:49:00,0.0
2024-08-22 02:43:00,0.0
2024-08-22 02:49:00,0.0
2024-08-22 03:02:00,0.0
2024-08-22 03:49:00,0.0
2024-08-22 05:03:00,0.0
2024-08-22 05:44:00,0.0
2024-08-22 05:51:00,0.0
2024-08-22 06:23:00,0.0
2024-08-22 07:12:00,0.0
2024-08-22 20:38:00,0.0
2024-08-22 20:42:00,0.0
2024-08-23 01:10:00,0.0
2024-08-23 01:19:00,0.0
2024-08-23 02:34:00,0.0
2024-08-23 03:18:00,0.0
2024-08-23 03:19:00,0.0
2024-08-23 04:40:00,0.0
2024-08-23 04:41:00,0.0
2024-08-23 04:51:00,0.0
2024-08-23 20:32:00,0.0
2024-08-23 20:38:00,0.0
2024-08-23 21:16:00,0.0
2024-08-23 21:23:00,0.0
2024-08-23 21:39:00,0.0
2024-08-23 21:53:00,0.0
2024-08-23 21:59:00,0.0
2024-08-23 22:06:00,0.0
2024-08-24 02:01:00,0.0
2024-08-24 02:07:00,0.0
2024-08-24 02:12:00,0.0
2024-08-24 02:32:00,0.0
2024-08-24 02:41:00,0.0
2024-08-24 02:46:00,0.0
2024-08-24 02:57:00,0.0
2024-08-24 02:58:00,0.0
2024-08-24 03:12:00,0.0
2024-08-24 03:15:00,0.0
2024-08-24 03:48:00,0.0
2024-08-24 05:01:00,0.0
2024-08-24 05:14:00,0.0
2024-08-24 23:05:00,0.0
2024-08-24 23:07:00,0.0
2024-08-24 23:08:00,0.0
2024-08-24 23:36:00,0.0
2024-08-25 01:54:00,0.0
2024-08-25 02:05:00,0.0
2024-08-25 02:36:00,0.0
2024-08-25 02:38:00,0.0
2024-08-25 02:40:00,0.0
2024-08-25 21:43:00,0.0
2024-08-25 21:52:00,0.0
2024-08-25 21:54:00,0.0
2024-08-25 21:57:00,0.0
2024-08-26 00:42:00,0.0
2024-08-26 00:59:00,0.0
2024-08-26 01:01:00,0.0
2024-08-26 01:09:00,0.0
2024-08-26 04:35:00,0.0
2024-08-26 04:48:00,0.0
2024-08-26 16:06:00,0.0
2024-08-26 16:27:00,0.0
2024-08-26 16:28:00,0.0
2024-08-26 18:16:00,0.0
2024-08-26 18:19:00,0.0
2024-08-26 18:24:00,0.0
2024-08-26 19:02:00,0.0
2024-08-26 19:14:00,0.0
2024-08-26 20:24:00,0.0
2024-08-26 23:04:00,0.0
2024-08-27 01:09:00,0.0
2024-08-27 02:20:00,0.0
2024-08-27 16:33:00,0.0
2024-08-27 16:44:00,0.0
2024-08-27 17:06:00,0.0
2024-08-27 17:22:00,0.0
2024-08-27 17:31:00,0.0
2024-08-27 17:39:00,0.0
2024-08-27 17:52:00,0.0
2024-08-27 19:18:00,0.0
2024-08-27 19:52:00,0.0
2024-08-27 21:35:00,0.0
2024-08-27 21:42:00,0.0
2024-08-28 03:11:00,0.0
2024-08-28 03:39:00,0.0
2024-08-28 03:55:00,0.0
2024-08-28 04:51:00,0.0
2024-08-28 05:12:00,0.0
2024-08-28 06:16:00,0.0
2024-08-28 07:00:00,0.0
2024-08-28 07:13:00,0.0
2024-08-28 07:24:00,0.0
2024-08-28 07:30:00,0.0
2024-08-28 15:16:00,0.0
2024-08-28 15:17:00,0.0
2024-08-28 16:04:00,0.0
2024-08-28 16:05:00,0.0
2024-08-28 19:00:00,0.0
2024-08-28 19:02:00,0.0
2024-08-28 19:18:00,0.0
2024-08-28 19:27:00,0.0
2024-08-28 20:23:00,0.0
2024-08-28 20:26:00,0.0
2024-08-28 23:31:00,0.0
2024-08-28 23:33:00,0.0
2024-08-28 23:34:00,0.0
2024-08-28 23:39:00,0.0
2024-08-28 23:40:00,0.0
2024-08-29 00:15:00,0.0
2024-08-29 00:16:00,0.0
2024-08-29 00:37:00,0.0
2024-08-29 00:52:00,0.0
2024-08-29 01:17:00,0.0
2024-08-29 02:25:00,0.0
2024-08-29 03:35:00,0.0
2024-08-29 03:42:00,0.0
2024-08-29 04:08:00,0.0
2024-08-29 04:11:00,0.0
2024-08-29 04:23:00,0.0
2024-08-29 04:52:00,0.0
2024-08-29 05:32:00,0.0
2024-08-29 06:44:00,0.0
2024-08-29 09:29:00,0.0
2024-08-29 17:26:00,0.0
2024-08-29 18:24:00,0.0
2024-08-29 18:30:00,0.0
2024-08-29 19:20:00,0.0
2024-08-29 21:13:00,0.0
2024-08-29 22:42:00,0.0
2024-08-30 03:27:00,0.0
2024-08-30 03:40:00,0.0
2024-08-30 04:04:00,0.0
2024-08-30 04:05:00,0.0
2024-08-30 04:36:00,0.0
2024-08-30 04:58:00,0.0
2024-08-30 05:04:00,0.0
2024-08-30 05:08:00,0.0
2024-08-30 06:09:00,0.0
2024-08-30 06:10:00,0.0
2024-08-30 15:25:00,0.0
2024-08-30 15:48:00,0.0
2024-08-30 15:55:00,0.0
2024-08-30 16:18:00,0.0
2024-08-30 16:38:00,0.0
2024-08-30 17:49:00,0.0
2024-08-30 18:04:00,0.0
2024-08-30 18:48:00,0.0
2024-08-30 21:36:00,0.0
2024-08-30 23:47:00,0.0
2024-08-31 01:13:00,0.0
2024-08-31 01:14:00,0.0
2024-08-31 02:10:00,0.0
2024-08-31 02:29:00,0.0
2024-08-31 03:12:00,0.0
2024-08-31 03:14:00,0.0
2024-08-31 03:59:00,0.0
2024-08-31 06:14:00,0.0
2024-08-31 16:07:00,0.0
2024-08-31 16:14:00,0.0
2024-08-31 22:44:00,0.0
2024-08-31 23:20:00,0.0
2024-08-31 23:35:00,0.0
2024-09-01 01:51:00,0.0
2024-09-01 02:42:00,0.0
2024-09-01 02:44:00,0.0
2024-09-01 02:54:00,0.0
2024-09-01 03:00:00,0.0
2024-09-01 03:05:00,0.0
2024-09-01 03:16:00,0.0
2024-09-01 03:25:00,0.0
2024-09-01 04:32:00,0.0
2024-09-01 04:43:00,0.0
2024-09-01 05:05:00,0.0
2024-09-01 05:06:00,0.0
2024-09-01 05:13:00,0.0
2024-09-01 05:21:00,0.0
2024-09-01 05:22:00,0.0
2024-09-01 05:25:00,0.0
2024-09-01 05:26:00,0.0
2024-09-01 07:13:00,0.0
2024-09-01 07:22:00,0.0
2024-09-01 07:27:00,0.0
2024-09-01 07:36:00,0.0
2024-09-01 07:58:00,0.0
2024-09-01 09:54:00,0.0
2024-09-01 21:59:00,0.0
2024-09-01 22:36:00,0.0
2024-09-02 20:53:00,0.0
2024-09-02 22:47:00,0.0
2024-09-02 23:32:00,0.0
2024-09-03 00:24:00,0.0
2024-09-03 02:10:00,0.0
2024-09-03 03:07:00,0.0
2024-09-03 05:01:00,0.0
2024-09-03 05:18:00,0.0
2024-09-03 05:43:00,0.0
2024-09-03 05:59:00,0.0
2024-09-03 06:11:00,0.0
2024-09-03 07:33:00,0.0
2024-09-03 09:07:00,0.0
2024-09-03 09:08:00,0.0
2024-09-04 22:37:00,0.0
2024-09-04 23:01:00,0.0
2024-09-04 23:07:00,0.0
2024-09-04 23:17:00,0.0
2024-09-05 06:35:00,0.0
2024-09-05 08:44:00,0.0
2024-09-05 18:45:00,0.0
2024-09-05 19:26:00,0.0
2024-09-05 22:17:00,0.0
2024-09-06 00:09:00,0.0
2024-09-07 19:42:00,0.0
2024-09-07 22:03:00,0.0
2024-09-08 02:16:00,0.0
2024-09-08 02:34:00,0.0
2024-09-08 05:39:00,0.0
2024-09-08 06:48:00,0.0
2024-09-08 07:05:00,0.0
2024-09-08 07:11:00,0.0
2024-09-08 07:43:00,0.0
2024-09-08 10:16:00,0.0
2024-09-08 18:27:00,0.0
2024-09-08 18:29:00,0.0
2024-09-08 18:50:00,0.0
2024-09-08 19:12:00,0.0
2024-09-08 19:40:00,0.0
2024-09-08 19:43:00,0.0
2024-09-08 19:45:00,0.0
2024-09-08 20:04:00,0.0
2024-09-08 20:07:00,0.0
2024-09-08 20:09:00,0.0
2024-09-08 20:10:00,0.0
2024-09-08 20:12:00,0.0
2024-09-08 20:19:00,0.0
2024-09-08 20:24:00,0.0
2024-09-08 20:37:00,0.0
2024-09-08 20:45:00,0.0
2024-09-08 22:01:00,0.0
2024-09-08 22:02:00,0.0
2024-09-09 01:42:00,0.0
2024-09-09 01:48:00,0.0
2024-09-09 01:51:00,0.0
2024-09-09 01:53:00,0.0
2024-09-09 02:09:00,0.0
2024-09-09 02:13:00,0.0
2024-09-09 02:16:00,0.0
2024-09-09 02:17:00,0.0
2024-09-09 02:44:00,0.0
2024-09-09 02:45:00,0.0
2024-09-09 02:46:00,0.0
2024-09-09 03:14:00,0.0
2024-09-09 03:30:00,0.0
2024-09-09 03:38:00,0.0
2024-09-09 03:43:00,0.0
2024-09-09 03:47:00,0.0
2024-09-09 03:51:00,0.0
2024-09-09 04:01:00,0.0
2024-09-09 04:57:00,0.0
2024-09-09 22:30:00,0.0
2024-09-09 22:37:00,0.0
2024-09-09 22:51:00,0.0
2024-09-10 00:20:00,0.0
2024-09-10 00:40:00,0.0
2024-09-10 02:02:00,0.0
2024-09-10 02:30:00,0.0
2024-09-10 02:35:00,0.0
2024-09-10 02:42:00,0.0
2024-09-10 03:19:00,0.0
2024-09-10 03:22:00,0.0
2024-09-10 03:27:00,0.0
2024-09-10 03:28:00,0.0
2024-09-10 03:50:00,0.0
2024-09-10 04:16:00,0.0
2024-09-10 04:34:00,0.0
2024-09-10 07:12:00,0.0
2024-09-10 07:24:00,0.0
2024-09-10 07:39:00,0.0
2024-09-10 09:19:00,0.0
2024-09-10 15:07:00,0.0
2024-09-10 15:29:00,0.0
2024-09-10 23:14:00,0.0
2024-09-10 23:32:00,0.0
2024-09-10 23:38:00,0.0
2024-09-11 01:06:00,0.0
2024-09-11 23:28:00,0.0
2024-09-11 23:37:00,0.0
2024-09-12 02:47:00,0.0
2024-09-12 03:04:00,0.0
2024-09-13 00:33:00,0.0
2024-09-13 00:58:00,0.0
2024-09-13 01:56:00,0.0
2024-09-13 02:05:00,0.0
2024-09-13 07:57:00,0.0
2024-09-13 08:10:00,0.0
2024-09-14 04:24:00,0.0
2024-09-14 04:32:00,0.0
2024-09-14 04:48:00,0.0
2024-09-14 04:57:00,0.0
2024-09-14 05:37:00,0.0
2024-09-14 06:19:00,0.0
2024-09-14 08:06:00,0.0
2024-09-14 08:13:00,0.0
2024-09-14 08:18:00,0.0
2024-09-14 08:39:00,0.0
2024-09-14 15:33:00,0.0
2024-09-14 15:42:00,0.0
2024-09-15 04:21:00,0.0
2024-09-15 08:54:00,0.0
2024-09-15 10:03:00,0.0
2024-09-16 05:30:00,0.0
2024-09-16 06:43:00,0.0
2024-09-16 20:33:00,0.0
2024-09-16 21:45:00,0.0
2024-09-17 04:34:00,0.0
2024-09-17 07:56:00,0.0
2024-09-17 17:26:00,0.0
2024-09-17 19:31:00,0.0
2024-09-18 02:13:00,0.0
2024-09-18 03:32:00,0.0
2024-09-18 23:28:00,0.0
2024-09-19 00:41:00,0.0
2024-09-19 21:01:00,0.0
2024-09-19 21:04:00,0.0
2024-09-19 21:12:00,0.0
2024-09-19 21:18:00,0.0
2024-09-19 22:08:00,0.0
2024-09-19 22:46:00,0.0
2024-09-20 09:08:00,0.0
2024-09-20 09:45:00,0.0
2024-09-21 00:22:00,0.0
2024-09-21 02:12:00,0.0
2024-09-21 02:13:00,0.0
2024-09-21 02:30:00,0.0
2024-09-21 05:07:00,0.0
2024-09-21 06:58:00,0.0
2024-09-21 21:13:00,0.0
2024-09-21 22:14:00,0.0
2024-09-21 23:49:00,0.0
2024-09-22 00:23:00,0.0
2024-09-24 06:30:00,0.0
2024-09-24 06:39:00,0.0
2024-09-26 06:09:00,0.0
2024-09-26 07:39:00,0.0
